"Address","Content Type","Status Code","Status","Indexability","Indexability Status","Title 1","Title 1 Length","Title 1 Pixel Width","Meta Description 1","Meta Description 1 Length","Meta Description 1 Pixel Width","Meta Keywords 1","Meta Keywords 1 Length","H1-1","H1-1 Length","H2-1","H2-1 Length","H2-2","H2-2 Length","Meta Robots 1","X-Robots-Tag 1","Meta Refresh 1","Canonical Link Element 1","rel=""next"" 1","rel=""prev"" 1","HTTP rel=""next"" 1","HTTP rel=""prev"" 1","amphtml Link Element","Size (Bytes)","Transferred (Bytes)","Total Transferred (Bytes)","CO2 (mg)","Carbon Rating","Word Count","Sentence Count","Average Words Per Sentence","Flesch Reading Ease Score","Readability","Text Ratio","Crawl Depth","Folder Depth","Link Score","Inlinks","Unique Inlinks","Unique JS Inlinks","% of Total","Outlinks","Unique Outlinks","Unique JS Outlinks","External Outlinks","Unique External Outlinks","Unique External JS Outlinks","Closest Near Duplicate Match","No. Near Duplicates","Spelling Errors","Grammar Errors","Hash","Response Time","Last Modified","Redirect URL","Redirect Type","Cookies","Language","HTTP Version","Mobile Alternate Link","Closest Semantically Similar Address","Semantic Similarity Score","No. Semantically Similar","Semantic Relevance Score","URL Encoded Address","Crawl Timestamp"
"https://flyfishingguideschool.com/","text/html; charset=utf-8","200","OK","Indexable","","Fly Fishing Guide School & Training | Smoky Mountains NC","56","517","Four-day fly fishing guide school in the Smoky Mountains. Train under FFI Master Instructors, learn to row, read water, and launch your guide career.","149","914","","0","Fly Fishing Guide School & Skills Development — Smoky Mtns.","59","Which brings you here?","22","Four days that change the way you fish forever.","47","","","","https://flyfishingguideschool.com/","","","","","","143734","23854","23854","3.535","","1697","258","6.578","78.718","Fairly Easy","7.534","0","0","","121","60","0","100.000","24","11","0","14","14","0","","","","","9a0331950c83c323a2c7164517dae0df","0.056","","","","","en","1.1","","","","","","https://flyfishingguideschool.com/","2026-07-09 22:07:07"
"https://flyfishingguideschool.com/_next/static/chunks/app/page-ebe0b55116bf256b.js?dpl=dpl_9fYX5NGBYtbBGcdtEGFNdp6JUDeh","application/javascript; charset=utf-8","200","OK","Indexable","","","0","0","","0","0","","0","","0","","0","","0","","","","","","","","","","0","0","0","0.000","","0","","","","","0.000","1","4","","0","0","0","0.000","0","0","0","0","0","0","","","","","","0.193","Thu, 09 Jul 2026 19:07:00 GMT","","","","","1.1","","","","","","https://flyfishingguideschool.com/_next/static/chunks/app/page-ebe0b55116bf256b.js?dpl=dpl_9fYX5NGBYtbBGcdtEGFNdp6JUDeh","2026-07-09 22:07:08"
"https://flyfishingguideschool.com/reservation-form/","text/html; charset=utf-8","200","OK","Indexable","","Enroll in the Guide School — Reserve Your Spot","46","417","Secure your spot at the Guide School. Complete the reservation form, sign the waiver, and pay your deposit to lock in your enrollment date.","139","850","","0","Reserve Your Spot","17","Reservation Information","23","Stay Connected to the Water","27","","","","https://flyfishingguideschool.com/reservation-form/","","","","","","43753","9364","9364","1.388","","265","56","4.732","84.550","Easy","5.529","1","1","","214","60","0","100.000","12","8","0","9","9","0","","","","","c67004e1887d81bba23b42d998cfc6f7","0.105","","","","","en","1.1","","","","","","https://flyfishingguideschool.com/reservation-form/","2026-07-09 22:07:08"
"https://flyfishingguideschool.com/meet-rowing-fly-casting-fly-fishing-instructors/","text/html; charset=utf-8","200","OK","Indexable","","Our Instructors — Fly Fishing Guide School, Bryson City NC","58","515","Meet the instructors behind the Guide School — led by FFI Master Certified Casting Instructor Mac Brown. Based in Bryson City, NC since 1987.","141","878","","0","Meet the Instructors","20","Meet Our Instructors","20","Michael Bradley","15","","","","https://flyfishingguideschool.com/meet-rowing-fly-casting-fly-fishing-instructors/","","","","","","142794","23679","23679","3.509","","2188","287","7.624","67.905","Normal","10.113","1","1","","148","60","0","100.000","32","26","0","9","9","0","","","","","247f57202e0a8cae99ee2905c3c41bb3","0.104","","","","","en","1.1","","","","","","https://flyfishingguideschool.com/meet-rowing-fly-casting-fly-fishing-instructors/","2026-07-09 22:07:08"
"https://flyfishingguideschool.com/blog/","text/html; charset=utf-8","200","OK","Indexable","","From the River — Fly Fishing Guide School Blog","46","417","Fly casting technique, nymphing, reading water, and guide training tips from Mac Brown's Fly Fishing Guide School in Bryson City, NC.","133","821","","0","From the Water","14","Evolution Of Fly Casting Instruction And Fly Fishing Lessons","60","Setting up an Oar Frame","23","","","","https://flyfishingguideschool.com/blog/","","","","","","69343","12502","12502","1.853","","658","85","7.741","74.521","Fairly Easy","6.551","1","1","","158","60","0","100.000","45","19","0","9","9","0","","","","","3363ce18ce94781e039a03bd53581c7b","0.897","","","","","en","1.1","","","","","","https://flyfishingguideschool.com/blog/","2026-07-09 22:07:08"
"https://flyfishingguideschool.com/images/guide-school-casting.webp","image/webp","200","OK","Indexable","","","0","0","","0","0","","0","","0","","0","","0","","","","","","","","","","49770","49770","49770","7.376","","0","","","","","0.000","1","1","","0","0","0","0.000","0","0","0","0","0","0","","","","","","0.149","Thu, 09 Jul 2026 19:21:03 GMT","","","","","1.1","","","","","","https://flyfishingguideschool.com/images/guide-school-casting.webp","2026-07-09 22:07:09"
"https://flyfishingguideschool.com/images/guide-school-rowing.webp","image/webp","200","OK","Indexable","","","0","0","","0","0","","0","","0","","0","","0","","","","","","","","","","453210","453210","453210","67.166","","0","","","","","0.000","1","1","","0","0","0","0.000","0","0","0","0","0","0","","","","","","0.144","Thu, 09 Jul 2026 19:21:13 GMT","","","","","1.1","","","","","","https://flyfishingguideschool.com/images/guide-school-rowing.webp","2026-07-09 22:07:09"
"https://flyfishingguideschool.com/images/advanced-casting-class-atlanta-ga.webp","image/webp","200","OK","Indexable","","","0","0","","0","0","","0","","0","","0","","0","","","","","","","","","","54322","54322","54322","8.051","","0","","","","","0.000","1","1","","0","0","0","0.000","0","0","0","0","0","0","","","","","","0.130","Thu, 09 Jul 2026 19:21:13 GMT","","","","","1.1","","","","","","https://flyfishingguideschool.com/images/advanced-casting-class-atlanta-ga.webp","2026-07-09 22:07:09"
"https://flyfishingguideschool.com/ffgs-logo-94.webp","image/webp","200","OK","Indexable","","","0","0","","0","0","","0","","0","","0","","0","","","","","","","","","","1884","1884","1884","0.279","","0","","","","","0.000","1","0","","0","0","0","0.000","0","0","0","0","0","0","","","","","","0.859","Thu, 09 Jul 2026 19:07:00 GMT","","","","","1.1","","","","","","https://flyfishingguideschool.com/ffgs-logo-94.webp","2026-07-09 22:07:08"
"https://flyfishingguideschool.com/_next/static/css/39b787198267d49b.css?dpl=dpl_9fYX5NGBYtbBGcdtEGFNdp6JUDeh","text/css; charset=utf-8","200","OK","Indexable","","","0","0","","0","0","","0","","0","","0","","0","","","","","","","","","","0","0","0","0.000","","0","","","","","0.000","1","3","","0","0","0","0.000","0","0","0","0","0","0","","","","","","0.172","Thu, 09 Jul 2026 19:07:00 GMT","","","","","1.1","","","","","","https://flyfishingguideschool.com/_next/static/css/39b787198267d49b.css?dpl=dpl_9fYX5NGBYtbBGcdtEGFNdp6JUDeh","2026-07-09 22:07:09"
"https://flyfishingguideschool.com/fly-fishing-guide-school/","text/html; charset=utf-8","200","OK","Indexable","","4-Day Fly Fishing Guide School — Bryson City, NC","48","432","4-day guide school in Bryson City, NC — master casting, drift boat rowing, water reading, entomology, and guide business skills. FFI Certified since 1987.","154","935","","0","Fly Fishing Guide School","24","Upcoming School Dates","21","The most comprehensive fly fishing school in the nation.","56","","","","https://flyfishingguideschool.com/fly-fishing-guide-school/","","","","","","100625","20437","20437","3.029","","1567","236","6.640","74.734","Fairly Easy","10.376","1","1","","146","60","0","100.000","29","18","0","10","10","0","","","","","23fcf9b6212b3e7257e34b0cc3e84a75","0.123","","","","","en","1.1","","","","","","https://flyfishingguideschool.com/fly-fishing-guide-school/","2026-07-09 22:07:09"
"https://flyfishingguideschool.com/_next/static/chunks/298-f8a1c35d12c10b98.js?dpl=dpl_9fYX5NGBYtbBGcdtEGFNdp6JUDeh","application/javascript; charset=utf-8","200","OK","Indexable","","","0","0","","0","0","","0","","0","","0","","0","","","","","","","","","","0","0","0","0.000","","0","","","","","0.000","1","3","","0","0","0","0.000","0","0","0","0","0","0","","","","","","0.199","Thu, 09 Jul 2026 19:07:00 GMT","","","","","1.1","","","","","","https://flyfishingguideschool.com/_next/static/chunks/298-f8a1c35d12c10b98.js?dpl=dpl_9fYX5NGBYtbBGcdtEGFNdp6JUDeh","2026-07-09 22:07:09"
"https://flyfishingguideschool.com/images/mac-brown-seminars-portrait.webp","image/webp","200","OK","Indexable","","","0","0","","0","0","","0","","0","","0","","0","","","","","","","","","","27074","27074","27074","4.012","","0","","","","","0.000","1","1","","0","0","0","0.000","0","0","0","0","0","0","","","","","","0.196","Thu, 09 Jul 2026 19:07:00 GMT","","","","","1.1","","","","","","https://flyfishingguideschool.com/images/mac-brown-seminars-portrait.webp","2026-07-09 22:07:09"
"https://flyfishingguideschool.com/images/raft-casting-three.webp","image/webp","200","OK","Indexable","","","0","0","","0","0","","0","","0","","0","","0","","","","","","","","","","125024","125024","125024","18.529","","0","","","","","0.000","1","1","","0","0","0","0.000","0","0","0","0","0","0","","","","","","0.194","Thu, 09 Jul 2026 19:21:03 GMT","","","","","1.1","","","","","","https://flyfishingguideschool.com/images/raft-casting-three.webp","2026-07-09 22:07:09"
"https://flyfishingguideschool.com/_next/static/chunks/1048-bc6fa3cf8f40999b.js?dpl=dpl_9fYX5NGBYtbBGcdtEGFNdp6JUDeh","application/javascript; charset=utf-8","200","OK","Indexable","","","0","0","","0","0","","0","","0","","0","","0","","","","","","","","","","0","0","0","0.000","","0","","","","","0.000","1","3","","0","0","0","0.000","0","0","0","0","0","0","","","","","","0.129","Thu, 09 Jul 2026 19:07:00 GMT","","","","","1.1","","","","","","https://flyfishingguideschool.com/_next/static/chunks/1048-bc6fa3cf8f40999b.js?dpl=dpl_9fYX5NGBYtbBGcdtEGFNdp6JUDeh","2026-07-09 22:07:09"
"https://flyfishingguideschool.com/images/fly-casting-instruction.webp","image/webp","200","OK","Indexable","","","0","0","","0","0","","0","","0","","0","","0","","","","","","","","","","49770","49770","49770","7.376","","0","","","","","0.000","1","1","","0","0","0","0.000","0","0","0","0","0","0","","","","","","0.178","Thu, 09 Jul 2026 19:21:13 GMT","","","","","1.1","","","","","","https://flyfishingguideschool.com/images/fly-casting-instruction.webp","2026-07-09 22:07:09"
"https://flyfishingguideschool.com/images/youth-kids-casting-class.webp","image/webp","200","OK","Indexable","","","0","0","","0","0","","0","","0","","0","","0","","","","","","","","","","55744","55744","55744","8.261","","0","","","","","0.000","1","1","","0","0","0","0.000","0","0","0","0","0","0","","","","","","0.221","Thu, 09 Jul 2026 19:50:46 GMT","","","","","1.1","","","","","","https://flyfishingguideschool.com/images/youth-kids-casting-class.webp","2026-07-09 22:07:09"
"https://flyfishingguideschool.com/_next/static/chunks/app/layout-43cbccec0589fb83.js?dpl=dpl_9fYX5NGBYtbBGcdtEGFNdp6JUDeh","application/javascript; charset=utf-8","200","OK","Indexable","","","0","0","","0","0","","0","","0","","0","","0","","","","","","","","","","0","0","0","0.000","","0","","","","","0.000","1","4","","0","0","0","0.000","0","0","0","0","0","0","","","","","","0.170","Thu, 09 Jul 2026 19:07:00 GMT","","","","","1.1","","","","","","https://flyfishingguideschool.com/_next/static/chunks/app/layout-43cbccec0589fb83.js?dpl=dpl_9fYX5NGBYtbBGcdtEGFNdp6JUDeh","2026-07-09 22:07:09"
"https://flyfishingguideschool.com/images/smoky-mountains-layers.webp","image/webp","200","OK","Indexable","","","0","0","","0","0","","0","","0","","0","","0","","","","","","","","","","120346","120346","120346","17.835","","0","","","","","0.000","1","1","","0","0","0","0.000","0","0","0","0","0","0","","","","","","0.192","Thu, 09 Jul 2026 19:21:03 GMT","","","","","1.1","","","","","","https://flyfishingguideschool.com/images/smoky-mountains-layers.webp","2026-07-09 22:07:10"
"https://flyfishingguideschool.com/images/smokies-river-fall.webp","image/webp","200","OK","Indexable","","","0","0","","0","0","","0","","0","","0","","0","","","","","","","","","","437452","437452","437452","64.830","","0","","","","","0.000","1","1","","0","0","0","0.000","0","0","0","0","0","0","","","","","","0.099","Thu, 09 Jul 2026 19:21:14 GMT","","","","","1.1","","","","","","https://flyfishingguideschool.com/images/smokies-river-fall.webp","2026-07-09 22:07:10"
"https://flyfishingguideschool.com/ffgs-logo.webp","image/webp","200","OK","Indexable","","","0","0","","0","0","","0","","0","","0","","0","","","","","","","","","","5002","5002","5002","0.741","","0","","","","","0.000","1","0","","0","0","0","0.000","0","0","0","0","0","0","","","","","","0.226","Thu, 09 Jul 2026 19:07:00 GMT","","","","","1.1","","","","","","https://flyfishingguideschool.com/ffgs-logo.webp","2026-07-09 22:07:10"
"https://flyfishingguideschool.com/contact-information-best-fly-fishing-guide-school/","text/html; charset=utf-8","200","OK","Indexable","","Contact — Fly Fishing Guide School, Bryson City NC","50","452","Enrollment questions, upcoming dates, private instruction, or group programs — reach the Fly Fishing Guide School in Bryson City, NC anytime.","141","877","","0","Contact","7","Send a Message","14","Find Us","7","","","","https://flyfishingguideschool.com/contact-information-best-fly-fishing-guide-school/","","","","","","44481","9776","9776","1.449","","196","49","4.000","74.580","Fairly Easy","5.128","1","1","","82","60","0","100.000","13","8","0","14","12","0","","","","","9991f3052af56c32e02651fcc29a3ae4","0.223","","","","","en","1.1","","","","","","https://flyfishingguideschool.com/contact-information-best-fly-fishing-guide-school/","2026-07-09 22:07:10"
"https://flyfishingguideschool.com/blog/learn-how-to-become-a-fly-fishing-guide-and-instructor/","text/html; charset=utf-8","200","OK","Indexable","","Learn How To Become A Fly Fishing Guide and Instructor | Fly Fishing Guide School","81","736","Learn how to become a fly fishing guide and instructor while attending a 4-day course in the Smoky Mountains. Wages for landing a first guide job typically range between $2,400–$3,000 per month.","194","1215","become a fly fishing guide, fly fishing guide school, fly fishing instructor, FFI Master Casting Instructor, Bryson City NC, Smoky Mountains","140","Learn How To Become A Fly Fishing Guide and Instructor","54","Becoming a Fly Fishing Guide and Instructor","43","What It Actually Takes to Become a Guide","40","","","","https://flyfishingguideschool.com/blog/learn-how-to-become-a-fly-fishing-guide-and-instructor/","","","","","","80694","15559","15559","2.306","","1286","166","7.747","63.191","Normal","10.903","1","2","","7","5","0","8.330","25","14","0","9","9","0","","","","","1a04121af4c2e795e481b9b0e2bb3b2e","0.144","","","","","en","1.1","","","","","","https://flyfishingguideschool.com/blog/learn-how-to-become-a-fly-fishing-guide-and-instructor/","2026-07-09 22:07:10"
"https://flyfishingguideschool.com/testimonials-kudos/","text/html; charset=utf-8","200","OK","Indexable","","Student Reviews — Fly Fishing Guide School, Bryson City NC","58","531","Graduates from across the Southeast share their experience training with FFI Master Casting Instructor Mac Brown at the Fly Fishing Guide School.","145","909","","0","Testimonials & Kudos","20","Attended the School?","20","Stay Connected to the Water","27","","","","https://flyfishingguideschool.com/testimonials-kudos/","","","","","","219431","21821","21821","3.234","","1096","192","5.708","76.843","Fairly Easy","3.281","1","1","","64","60","0","100.000","12","8","0","11","10","0","","","","","9c7f8ac094767108b8b9e4956a5aceee","0.386","","","","","en","1.1","","","","","","https://flyfishingguideschool.com/testimonials-kudos/","2026-07-09 22:07:10"
"https://flyfishingguideschool.com/_next/static/css/7cc2196047abc345.css?dpl=dpl_9fYX5NGBYtbBGcdtEGFNdp6JUDeh","text/css; charset=utf-8","200","OK","Indexable","","","0","0","","0","0","","0","","0","","0","","0","","","","","","","","","","0","0","0","0.000","","0","","","","","0.000","1","3","","0","0","0","0.000","0","0","0","0","0","0","","","","","","0.112","Thu, 09 Jul 2026 19:06:59 GMT","","","","","1.1","","","","","","https://flyfishingguideschool.com/_next/static/css/7cc2196047abc345.css?dpl=dpl_9fYX5NGBYtbBGcdtEGFNdp6JUDeh","2026-07-09 22:07:10"
"https://flyfishingguideschool.com/images/cedar-post-group.webp","image/webp","200","OK","Indexable","","","0","0","","0","0","","0","","0","","0","","0","","","","","","","","","","204456","204456","204456","30.300","","0","","","","","0.000","1","1","","0","0","0","0.000","0","0","0","0","0","0","","","","","","0.134","Thu, 09 Jul 2026 19:21:03 GMT","","","","","1.1","","","","","","https://flyfishingguideschool.com/images/cedar-post-group.webp","2026-07-09 22:07:10"
"https://flyfishingguideschool.com/images/drift-boat-hero.webp","image/webp","200","OK","Indexable","","","0","0","","0","0","","0","","0","","0","","0","","","","","","","","","","1312452","1312452","1312452","194.505","","0","","","","","0.000","1","1","","0","0","0","0.000","0","0","0","0","0","0","","","","","","0.316","Thu, 09 Jul 2026 23:42:35 GMT","","","","","1.1","","","","","","https://flyfishingguideschool.com/images/drift-boat-hero.webp","2026-07-09 22:07:11"
"https://flyfishingguideschool.com/images/fly-school-1.webp","image/webp","200","OK","Indexable","","","0","0","","0","0","","0","","0","","0","","0","","","","","","","","","","196544","196544","196544","29.128","","0","","","","","0.000","1","1","","0","0","0","0.000","0","0","0","0","0","0","","","","","","0.364","Fri, 10 Jul 2026 02:07:11 GMT","","","","","1.1","","","","","","https://flyfishingguideschool.com/images/fly-school-1.webp","2026-07-09 22:07:11"
"https://flyfishingguideschool.com/_next/static/chunks/b4161639-ae52471dd35dcd8b.js?dpl=dpl_9fYX5NGBYtbBGcdtEGFNdp6JUDeh","application/javascript; charset=utf-8","200","OK","Indexable","","","0","0","","0","0","","0","","0","","0","","0","","","","","","","","","","0","0","0","0.000","","0","","","","","0.000","1","3","","0","0","0","0.000","0","0","0","0","0","0","","","","","","0.204","Thu, 09 Jul 2026 19:07:00 GMT","","","","","1.1","","","","","","https://flyfishingguideschool.com/_next/static/chunks/b4161639-ae52471dd35dcd8b.js?dpl=dpl_9fYX5NGBYtbBGcdtEGFNdp6JUDeh","2026-07-09 22:07:11"
"https://flyfishingguideschool.com/_next/static/chunks/polyfills-42372ed130431b0a.js?dpl=dpl_9fYX5NGBYtbBGcdtEGFNdp6JUDeh","application/javascript; charset=utf-8","200","OK","Indexable","","","0","0","","0","0","","0","","0","","0","","0","","","","","","","","","","0","0","0","0.000","","0","","","","","0.000","1","3","","0","0","0","0.000","0","0","0","0","0","0","","","","","","0.313","Fri, 10 Jul 2026 02:07:11 GMT","","","","","1.1","","","","","","https://flyfishingguideschool.com/_next/static/chunks/polyfills-42372ed130431b0a.js?dpl=dpl_9fYX5NGBYtbBGcdtEGFNdp6JUDeh","2026-07-09 22:07:11"
"https://flyfishingguideschool.com/_next/static/chunks/main-app-2ca378ec16b6b114.js?dpl=dpl_9fYX5NGBYtbBGcdtEGFNdp6JUDeh","application/javascript; charset=utf-8","200","OK","Indexable","","","0","0","","0","0","","0","","0","","0","","0","","","","","","","","","","0","0","0","0.000","","0","","","","","0.000","1","3","","0","0","0","0.000","0","0","0","0","0","0","","","","","","0.196","Thu, 09 Jul 2026 19:07:00 GMT","","","","","1.1","","","","","","https://flyfishingguideschool.com/_next/static/chunks/main-app-2ca378ec16b6b114.js?dpl=dpl_9fYX5NGBYtbBGcdtEGFNdp6JUDeh","2026-07-09 22:07:11"
"https://flyfishingguideschool.com/new-to-fly-fishing/","text/html; charset=utf-8","200","OK","Indexable","","New to Fly Fishing? Start Here — Bryson City Guide School","57","515","New to fly fishing? Start right. The Guide School gives beginners the same foundation used by world-champion anglers. No guesswork — Bryson City, NC.","149","942","","0","New to Fly Fishing?","19","Your first day on the water should feel like magic.","51","Six things that make fly fishing unforgettable.","47","","","","https://flyfishingguideschool.com/new-to-fly-fishing/","","","","","","100860","23646","23646","3.504","","1603","231","6.939","83.368","Easy","9.840","1","1","","2","2","0","3.330","17","9","0","12","12","0","","","","","e6b0a051c77159f9db9f73156db3131d","0.339","","","","","en","1.1","","","","","","https://flyfishingguideschool.com/new-to-fly-fishing/","2026-07-09 22:07:11"
"https://flyfishingguideschool.com/images/wild-brown-trout.webp","image/webp","200","OK","Indexable","","","0","0","","0","0","","0","","0","","0","","0","","","","","","","","","","77276","77276","77276","11.452","","0","","","","","0.000","1","1","","0","0","0","0.000","0","0","0","0","0","0","","","","","","0.203","Thu, 09 Jul 2026 19:21:13 GMT","","","","","1.1","","","","","","https://flyfishingguideschool.com/images/wild-brown-trout.webp","2026-07-09 22:07:11"
"https://flyfishingguideschool.com/_next/static/chunks/webpack-1e71828079636907.js?dpl=dpl_9fYX5NGBYtbBGcdtEGFNdp6JUDeh","application/javascript; charset=utf-8","200","OK","Indexable","","","0","0","","0","0","","0","","0","","0","","0","","","","","","","","","","0","0","0","0.000","","0","","","","","0.000","1","3","","0","0","0","0.000","0","0","0","0","0","0","","","","","","0.131","Thu, 09 Jul 2026 19:07:00 GMT","","","","","1.1","","","","","","https://flyfishingguideschool.com/_next/static/chunks/webpack-1e71828079636907.js?dpl=dpl_9fYX5NGBYtbBGcdtEGFNdp6JUDeh","2026-07-09 22:07:11"
"https://flyfishingguideschool.com/_next/static/chunks/6174-d2adfed97c5046c0.js?dpl=dpl_9fYX5NGBYtbBGcdtEGFNdp6JUDeh","application/javascript; charset=utf-8","200","OK","Indexable","","","0","0","","0","0","","0","","0","","0","","0","","","","","","","","","","0","0","0","0.000","","0","","","","","0.000","1","3","","0","0","0","0.000","0","0","0","0","0","0","","","","","","0.289","Thu, 09 Jul 2026 19:07:00 GMT","","","","","1.1","","","","","","https://flyfishingguideschool.com/_next/static/chunks/6174-d2adfed97c5046c0.js?dpl=dpl_9fYX5NGBYtbBGcdtEGFNdp6JUDeh","2026-07-09 22:07:11"
"https://flyfishingguideschool.com/smoky-mountain-fly-fishing-school/","text/html; charset=utf-8","200","OK","Indexable","","Smoky Mountain Fly Fishing School for Recreational Anglers — Bryson City, NC","76","694","4-day fly fishing school in the Smoky Mountains for anglers who want to fish better. Casting, water reading, dry fly, nymph, streamer, and wet fly instruction under FFI Master Certified Instructors. Bryson City, NC.","215","1300","","0","Fly Fishing School Smoky Mountains","34","Upcoming School Dates","21","Smoky Mountain Fly Fishing School for Recreational Anglers","58","","","","https://flyfishingguideschool.com/smoky-mountain-fly-fishing-school/","","","","","","70690","15278","15278","2.264","","1004","136","7.382","88.199","Easy","8.990","1","1","","26","24","0","40.000","18","9","0","9","9","0","","","","","6b897fbe3d29d8cfd49601f67e2be294","0.114","","","","","en","1.1","","","","","","https://flyfishingguideschool.com/smoky-mountain-fly-fishing-school/","2026-07-09 22:07:12"
"https://flyfishingguideschool.com/images/client-woman-brown-trout.webp","image/webp","200","OK","Indexable","","","0","0","","0","0","","0","","0","","0","","0","","","","","","","","","","338084","338084","338084","50.104","","0","","","","","0.000","1","1","","0","0","0","0.000","0","0","0","0","0","0","","","","","","0.203","Thu, 09 Jul 2026 19:21:03 GMT","","","","","1.1","","","","","","https://flyfishingguideschool.com/images/client-woman-brown-trout.webp","2026-07-09 22:07:12"
"https://flyfishingguideschool.com/_next/static/chunks/app/smoky-mountain-fly-fishing-school/page-18c1df63ae2b3ff2.js?dpl=dpl_9fYX5NGBYtbBGcdtEGFNdp6JUDeh","application/javascript; charset=utf-8","200","OK","Indexable","","","0","0","","0","0","","0","","0","","0","","0","","","","","","","","","","0","0","0","0.000","","0","","","","","0.000","2","5","","0","0","0","0.000","0","0","0","0","0","0","","","","","","0.173","Thu, 09 Jul 2026 19:08:28 GMT","","","","","1.1","","","","","","https://flyfishingguideschool.com/_next/static/chunks/app/smoky-mountain-fly-fishing-school/page-18c1df63ae2b3ff2.js?dpl=dpl_9fYX5NGBYtbBGcdtEGFNdp6JUDeh","2026-07-09 22:07:12"
"https://flyfishingguideschool.com/privacy-policy/","text/html; charset=utf-8","200","OK","Non-Indexable","noindex","Privacy Policy — Fly Fishing Guide School","41","365","Privacy Policy for the Fly Fishing Guide School. Learn how we collect, use, and protect your personal information.","114","694","","0","Privacy Policy","14","1. Information We Collect","25","2. How We Use Your Information","30","noindex","","","https://flyfishingguideschool.com/privacy-policy/","","","","","","52154","10416","10416","1.544","","878","147","5.973","57.974","Fairly Hard","11.923","1","1","","60","60","0","100.000","13","8","0","9","9","0","","","","","4e4e5af9e49b7198b7fb6560117b3032","0.247","","","","","en","1.1","","","","","","https://flyfishingguideschool.com/privacy-policy/","2026-07-09 22:07:12"
"https://flyfishingguideschool.com/images/client-nantahala-brown.webp","image/webp","200","OK","Indexable","","","0","0","","0","0","","0","","0","","0","","0","","","","","","","","","","93118","93118","93118","13.800","","0","","","","","0.000","2","1","","0","0","0","0.000","0","0","0","0","0","0","","","","","","0.135","Thu, 09 Jul 2026 22:08:55 GMT","","","","","1.1","","","","","","https://flyfishingguideschool.com/images/client-nantahala-brown.webp","2026-07-09 22:07:12"
"https://flyfishingguideschool.com/images/rainbow-trout-hand.webp","image/webp","200","OK","Indexable","","","0","0","","0","0","","0","","0","","0","","0","","","","","","","","","","231426","231426","231426","34.297","","0","","","","","0.000","2","1","","0","0","0","0.000","0","0","0","0","0","0","","","","","","0.344","Fri, 10 Jul 2026 02:07:12 GMT","","","","","1.1","","","","","","https://flyfishingguideschool.com/images/rainbow-trout-hand.webp","2026-07-09 22:07:12"
"https://flyfishingguideschool.com/images/youth-brown-mountain.webp","image/webp","200","OK","Indexable","","","0","0","","0","0","","0","","0","","0","","0","","","","","","","","","","271334","271334","271334","40.212","","0","","","","","0.000","2","1","","0","0","0","0.000","0","0","0","0","0","0","","","","","","0.197","Thu, 09 Jul 2026 20:30:48 GMT","","","","","1.1","","","","","","https://flyfishingguideschool.com/images/youth-brown-mountain.webp","2026-07-09 22:07:12"
"https://flyfishingguideschool.com/_next/static/chunks/app/new-to-fly-fishing/page-c66ecd7420aa4705.js?dpl=dpl_9fYX5NGBYtbBGcdtEGFNdp6JUDeh","application/javascript; charset=utf-8","200","OK","Indexable","","","0","0","","0","0","","0","","0","","0","","0","","","","","","","","","","0","0","0","0.000","","0","","","","","0.000","2","5","","0","0","0","0.000","0","0","0","0","0","0","","","","","","0.475","Thu, 09 Jul 2026 21:30:47 GMT","","","","","1.1","","","","","","https://flyfishingguideschool.com/_next/static/chunks/app/new-to-fly-fishing/page-c66ecd7420aa4705.js?dpl=dpl_9fYX5NGBYtbBGcdtEGFNdp6JUDeh","2026-07-09 22:07:12"
"https://flyfishingguideschool.com/fly-fishing-guide-certification/","text/html; charset=utf-8","200","OK","Indexable","","Fly Fishing Guide Certification: What You Actually Need | Fly Fishing Guide School","82","721","FFI certification, state guide licensing, and what outfitters actually screen for when hiring fly fishing guides. Mac Brown has been training guides and instructors since 1987.","176","1058","","0","Fly Fishing Guide Certification: What You Actually Need to Guide Professionally","79","Quick Answer: Do You Need Certification to Guide?","49","Which brings you here?","22","","","","https://flyfishingguideschool.com/fly-fishing-guide-certification/","","","","","","95692","20824","20824","3.086","","1790","224","7.991","74.093","Fairly Easy","11.651","2","1","","7","7","0","11.670","23","11","0","16","15","0","","","","","20fe34ba56b3fa97f57b0da307847b3c","0.236","","","","","en","1.1","","","","","","https://flyfishingguideschool.com/fly-fishing-guide-certification/","2026-07-09 22:07:13"
"https://flyfishingguideschool.com/blog/fly-fishing-and-fly-casting-entropy-or-evolution","text/html; charset=utf-8","200","OK","Non-Indexable","Canonicalised","Fly Fishing and Fly Casting Entropy or Evolution | Fly Fishing Guide School","75","648","Entropy or evolution in fly fishing and fly casting is alive and well all over the country. The sport is always changing — the question is whether those changes represent genuine progress.","188","1133","fly casting evolution, fly casting instruction, fly fishing entropy, Spey casting, Euro nymphing, casting mechanics, fly fishing guide school, Mac Brown","152","Fly Fishing and Fly Casting Entropy or Evolution","48","Entropy or Evolution?","21","What Entropy Looks Like in Fly Casting","38","","","","https://flyfishingguideschool.com/blog/fly-fishing-and-fly-casting-entropy-or-evolution/","","","","","","71279","13722","13722","2.034","","933","134","6.963","60.672","Normal","9.319","2","1","","6","6","0","10.000","21","11","0","9","9","0","","","","","ebdfbce0db82752692181a4f0490c8f4","0.370","","","","","en","1.1","","","","","","https://flyfishingguideschool.com/blog/fly-fishing-and-fly-casting-entropy-or-evolution","2026-07-09 22:07:13"
"https://flyfishingguideschool.com/is-fly-fishing-guide-school-worth-it/","text/html; charset=utf-8","200","OK","Indexable","","Is Fly Fishing Guide School Worth It? | Fly Fishing Guide School","64","552","An honest look at whether Fly Fishing Guide School is worth the cost — what you get, what it changes, and who it's really built for.","132","795","","0","Is Fly Fishing Guide School Worth It?","37","Quick Answer: Is Fly Fishing Guide School Worth It?","51","What's Actually Included in the $4,850","38","","","","https://flyfishingguideschool.com/is-fly-fishing-guide-school-worth-it/","","","","","","118971","26924","26924","3.990","","2732","342","7.988","78.454","Fairly Easy","13.921","2","1","","5","5","0","8.330","21","10","0","9","9","0","","","","","6aece20bd673029eee37f12eb9f844af","0.042","","","","","en","1.1","","","","","","https://flyfishingguideschool.com/is-fly-fishing-guide-school-worth-it/","2026-07-09 22:07:13"
"https://flyfishingguideschool.com/blog/evolution-fly-casting-instruction-fly-fishing-lessons","text/html; charset=utf-8","200","OK","Non-Indexable","Canonicalised","Evolution Of Fly Casting Instruction And Fly Fishing Lessons | Fly Fishing Guide School","87","760","Evolution of fly casting instruction and fly fishing lessons is evident more today than ever before. Reflections on the sport's progress — and a lesson about drift learned at Observation Bridge on Deep Creek with my boys.","221","1342","fly casting instruction evolution, fly fishing lessons, drift, trout feeding, Deep Creek Smokies, fly fishing guide school, Mac Brown","133","Evolution Of Fly Casting Instruction And Fly Fishing Lessons","60","Evolution Of Fly Casting Instruction And Fly Fishing Lessons","60","Observation Bridge with My Boys","31","","","","https://flyfishingguideschool.com/blog/evolution-fly-casting-instruction-fly-fishing-lessons/","","","","","","74529","15272","15272","2.263","","1136","147","7.728","77.230","Fairly Easy","9.906","2","1","","6","6","0","10.000","23","12","0","9","9","0","","","","","95071ac38747ab06067a85bf90e22e00","0.194","","","","","en","1.1","","","","","","https://flyfishingguideschool.com/blog/evolution-fly-casting-instruction-fly-fishing-lessons","2026-07-09 22:07:13"
"https://flyfishingguideschool.com/blog/fly-casting-style-substance-intent","text/html; charset=utf-8","200","OK","Non-Indexable","Canonicalised","Fly Casting Style, Substance & Intent | Fly Fishing Guide School","64","555","Inspired by an email from Alaska-based friend Mark Huber, this post revisits key topics of fly casting style, substance, and intent — referencing foundational work by Al Kyte and Gary Moran in California in the 1980s.","217","1317","fly casting style, fly casting substance, fly casting intent, loop formation, rod tip path, fly casting instruction, fly fishing guide school, Mac Brown, Bryson City NC","168","Fly Casting Style, Substance & Intent","37","Style, Substance & Intent in Fly Casting","40","What Is Style?","14","","","","https://flyfishingguideschool.com/blog/fly-casting-style-substance-intent/","","","","","","76298","14239","14239","2.110","","964","136","7.088","65.983","Normal","8.661","2","1","","6","6","0","10.000","21","11","0","9","9","0","","","","","7fb27e7bec515617563108049503d659","0.261","","","","","en","1.1","","","","","","https://flyfishingguideschool.com/blog/fly-casting-style-substance-intent","2026-07-09 22:07:13"
"https://flyfishingguideschool.com/_next/static/chunks/app/blog/%5Bslug%5D/page-c71cc35ffb44b8ee.js?dpl=dpl_9fYX5NGBYtbBGcdtEGFNdp6JUDeh","application/javascript; charset=utf-8","200","OK","Indexable","","","0","0","","0","0","","0","","0","","0","","0","","","","","","","","","","0","0","0","0.000","","0","","","","","0.000","2","6","","0","0","0","0.000","0","0","0","0","0","0","","","","","","0.107","Thu, 09 Jul 2026 19:21:14 GMT","","","","","1.1","","","","","","https://flyfishingguideschool.com/_next/static/chunks/app/blog/%5Bslug%5D/page-c71cc35ffb44b8ee.js?dpl=dpl_9fYX5NGBYtbBGcdtEGFNdp6JUDeh","2026-07-09 22:07:13"
"https://flyfishingguideschool.com/_next/static/chunks/app/contact-information-best-fly-fishing-guide-school/page-e7a5b91b30458d50.js?dpl=dpl_9fYX5NGBYtbBGcdtEGFNdp6JUDeh","application/javascript; charset=utf-8","200","OK","Indexable","","","0","0","","0","0","","0","","0","","0","","0","","","","","","","","","","0","0","0","0.000","","0","","","","","0.000","2","5","","0","0","0","0.000","0","0","0","0","0","0","","","","","","0.109","Thu, 09 Jul 2026 19:07:00 GMT","","","","","1.1","","","","","","https://flyfishingguideschool.com/_next/static/chunks/app/contact-information-best-fly-fishing-guide-school/page-e7a5b91b30458d50.js?dpl=dpl_9fYX5NGBYtbBGcdtEGFNdp6JUDeh","2026-07-09 22:07:13"
"https://flyfishingguideschool.com/images/tuckasegee-sunrise.webp","image/webp","200","OK","Indexable","","","0","0","","0","0","","0","","0","","0","","0","","","","","","","","","","384726","384726","384726","57.016","","0","","","","","0.000","2","1","","0","0","0","0.000","0","0","0","0","0","0","","","","","","0.226","Fri, 10 Jul 2026 02:07:14 GMT","","","","","1.1","","","","","","https://flyfishingguideschool.com/images/tuckasegee-sunrise.webp","2026-07-09 22:07:13"
"https://flyfishingguideschool.com/_next/static/chunks/9533-b489d5d25eb7858c.js?dpl=dpl_9fYX5NGBYtbBGcdtEGFNdp6JUDeh","application/javascript; charset=utf-8","200","OK","Indexable","","","0","0","","0","0","","0","","0","","0","","0","","","","","","","","","","0","0","0","0.000","","0","","","","","0.000","2","3","","0","0","0","0.000","0","0","0","0","0","0","","","","","","0.162","Thu, 09 Jul 2026 19:08:28 GMT","","","","","1.1","","","","","","https://flyfishingguideschool.com/_next/static/chunks/9533-b489d5d25eb7858c.js?dpl=dpl_9fYX5NGBYtbBGcdtEGFNdp6JUDeh","2026-07-09 22:07:14"
"https://flyfishingguideschool.com/images/guide-trip-3.webp","image/webp","200","OK","Indexable","","","0","0","","0","0","","0","","0","","0","","0","","","","","","","","","","165710","165710","165710","24.558","","0","","","","","0.000","2","1","","0","0","0","0.000","0","0","0","0","0","0","","","","","","0.204","Thu, 09 Jul 2026 23:40:50 GMT","","","","","1.1","","","","","","https://flyfishingguideschool.com/images/guide-trip-3.webp","2026-07-09 22:07:14"
"https://flyfishingguideschool.com/_next/static/chunks/app/fly-fishing-guide-school/page-c7778e710e6ad3ed.js?dpl=dpl_9fYX5NGBYtbBGcdtEGFNdp6JUDeh","application/javascript; charset=utf-8","200","OK","Indexable","","","0","0","","0","0","","0","","0","","0","","0","","","","","","","","","","0","0","0","0.000","","0","","","","","0.000","2","5","","0","0","0","0.000","0","0","0","0","0","0","","","","","","0.189","Thu, 09 Jul 2026 19:08:28 GMT","","","","","1.1","","","","","","https://flyfishingguideschool.com/_next/static/chunks/app/fly-fishing-guide-school/page-c7778e710e6ad3ed.js?dpl=dpl_9fYX5NGBYtbBGcdtEGFNdp6JUDeh","2026-07-09 22:07:14"
"https://flyfishingguideschool.com/_next/static/chunks/app/blog/page-c66ecd7420aa4705.js?dpl=dpl_9fYX5NGBYtbBGcdtEGFNdp6JUDeh","application/javascript; charset=utf-8","200","OK","Indexable","","","0","0","","0","0","","0","","0","","0","","0","","","","","","","","","","0","0","0","0.000","","0","","","","","0.000","2","5","","0","0","0","0.000","0","0","0","0","0","0","","","","","","0.167","Thu, 09 Jul 2026 19:07:00 GMT","","","","","1.1","","","","","","https://flyfishingguideschool.com/_next/static/chunks/app/blog/page-c66ecd7420aa4705.js?dpl=dpl_9fYX5NGBYtbBGcdtEGFNdp6JUDeh","2026-07-09 22:07:14"
"https://flyfishingguideschool.com/images/drift-boat-rowing.webp","image/webp","200","OK","Indexable","","","0","0","","0","0","","0","","0","","0","","0","","","","","","","","","","577992","577992","577992","85.658","","0","","","","","0.000","2","1","","0","0","0","0.000","0","0","0","0","0","0","","","","","","0.215","Thu, 09 Jul 2026 19:21:13 GMT","","","","","1.1","","","","","","https://flyfishingguideschool.com/images/drift-boat-rowing.webp","2026-07-09 22:07:14"
"https://flyfishingguideschool.com/blog/fly-fishing-classes-north-carolina-smoky-mountains/","text/html; charset=utf-8","200","OK","Indexable","","Fly Fishing Classes in North Carolina Smoky Mountains for Trout Fishing | Fly Fishing Guide School","98","871","Fly fishing classes in North Carolina Smoky Mountains for trout fishing is a 4-day intensive course — an intense immersion into all things fly fishing in beautiful Bryson City, NC.","180","1073","fly fishing classes North Carolina, Smoky Mountains fly fishing, Bryson City NC, fly fishing guide school, FFI Master Casting Instructor, trout fishing NC","154","Fly Fishing Classes in North Carolina Smoky Mountains for Trout Fishing","71","Fly Fishing Classes in the NC Smoky Mountains","45","Not Your Average Fly Shop Instruction","37","","","","https://flyfishingguideschool.com/blog/fly-fishing-classes-north-carolina-smoky-mountains/","","","","","","72575","13433","13433","1.991","","847","108","7.843","66.431","Normal","8.315","2","2","","3","1","0","1.670","20","10","0","9","9","0","","","","","f1edccac0075e1196804be74240cc3bc","0.213","","","","","en","1.1","","","","","","https://flyfishingguideschool.com/blog/fly-fishing-classes-north-carolina-smoky-mountains/","2026-07-09 22:07:14"
"https://flyfishingguideschool.com/blog/southern-appalachian-fly-fishing-museum-induction/","text/html; charset=utf-8","200","OK","Indexable","","Southern Appalachian Fly Fishing Museum Induction | Fly Fishing Guide School","76","696","The second annual Hall of Fame for the Southern Appalachian Fly Fishing Museum Induction took place on August 26, 2017, at SCC in Bryson City, NC — a chance to give thanks and share lessons from those who helped shape my journey.","229","1462","Southern Appalachian Fly Fishing Museum, Hall of Fame, Mac Brown, Bryson City NC, Casting Angles, fly fishing instruction, fly casting","134","Southern Appalachian Fly Fishing Museum Induction","49","Southern Appalachian Fly Fishing Museum Induction","49","Lessons From the Journey","24","","","","https://flyfishingguideschool.com/blog/southern-appalachian-fly-fishing-museum-induction/","","","","","","85332","15065","15065","2.233","","940","119","7.899","70.927","Fairly Easy","7.457","2","2","","3","1","0","1.670","19","9","0","9","9","0","","","","","c3def15698ba66ca61633fb82064531","0.367","","","","","en","1.1","","","","","","https://flyfishingguideschool.com/blog/southern-appalachian-fly-fishing-museum-induction/","2026-07-09 22:07:14"
"https://flyfishingguideschool.com/blog/bryson-city-trout-capital-fly-fishing/","text/html; charset=utf-8","200","OK","Indexable","","Bryson City: Why the Trout Capital of the East Is the Right Place to Train | Fly Fishing Guide School","101","868","Bryson City sits inside Swain County — over 2,400 miles of wild trout water, one of the highest percentages of protected public land of any county east of the Mississippi River, and three distinct river types within a short drive of each other. Here is why location matters more than any other factor when choosing a fly fishing guide school.","342","2062","Bryson City trout fishing, Trout Capital of the East, Smoky Mountains fly fishing, Tuckasegee River, Nantahala River, Deep Creek, wild trout NC, fly fishing guide school, Swain County, Great Smoky Mountains National Park, guide training location","245","Bryson City: Why the Trout Capital of the East Is the Right Place to Train","74","Which brings you here?","22","Why Water Diversity Matters for Guide Training","46","","","","https://flyfishingguideschool.com/blog/bryson-city-trout-capital-fly-fishing/","","","","","","103529","22892","22892","3.393","","2566","308","8.331","69.764","Normal","15.812","2","2","","13","11","0","18.330","36","23","0","9","9","0","","","","","6df908aa06638eaf3aa3482359a2b2ef","0.189","","","","","en","1.1","","","","","","https://flyfishingguideschool.com/blog/bryson-city-trout-capital-fly-fishing/","2026-07-09 22:07:14"
"https://flyfishingguideschool.com/blog/evolution-fly-casting-instruction-fly-fishing-lessons/","text/html; charset=utf-8","200","OK","Indexable","","Evolution Of Fly Casting Instruction And Fly Fishing Lessons | Fly Fishing Guide School","87","760","Evolution of fly casting instruction and fly fishing lessons is evident more today than ever before. Reflections on the sport's progress — and a lesson about drift learned at Observation Bridge on Deep Creek with my boys.","221","1342","fly casting instruction evolution, fly fishing lessons, drift, trout feeding, Deep Creek Smokies, fly fishing guide school, Mac Brown","133","Evolution Of Fly Casting Instruction And Fly Fishing Lessons","60","Evolution Of Fly Casting Instruction And Fly Fishing Lessons","60","Observation Bridge with My Boys","31","","","","https://flyfishingguideschool.com/blog/evolution-fly-casting-instruction-fly-fishing-lessons/","","","","","","74529","15272","15272","2.263","","1136","147","7.728","77.230","Fairly Easy","9.906","2","2","","3","1","0","1.670","23","12","0","9","9","0","","","","","95071ac38747ab06067a85bf90e22e00","0.151","","","","","en","1.1","","","","","","https://flyfishingguideschool.com/blog/evolution-fly-casting-instruction-fly-fishing-lessons/","2026-07-09 22:07:14"
"https://flyfishingguideschool.com/images/smoky-mountains-panorama.webp","image/webp","200","OK","Indexable","","","0","0","","0","0","","0","","0","","0","","0","","","","","","","","","","263902","263902","263902","39.110","","0","","","","","0.000","2","1","","0","0","0","0.000","0","0","0","0","0","0","","","","","","0.218","Thu, 09 Jul 2026 19:21:13 GMT","","","","","1.1","","","","","","https://flyfishingguideschool.com/images/smoky-mountains-panorama.webp","2026-07-09 22:07:14"
"https://flyfishingguideschool.com/images/mac-brown-headshot.webp","image/webp","200","OK","Indexable","","","0","0","","0","0","","0","","0","","0","","0","","","","","","","","","","58344","58344","58344","8.647","","0","","","","","0.000","2","1","","0","0","0","0.000","0","0","0","0","0","0","","","","","","0.140","Thu, 09 Jul 2026 19:21:13 GMT","","","","","1.1","","","","","","https://flyfishingguideschool.com/images/mac-brown-headshot.webp","2026-07-09 22:07:15"
"https://flyfishingguideschool.com/blog/setting-up-an-oar-frame/","text/html; charset=utf-8","200","OK","Indexable","","Setting up an Oar Frame | Fly Fishing Guide School | Fly Fishing Guide School","77","680","Setting up an oar frame correctly can make a huge difference in efficiency and comfort for the rower. This post covers frame placement, oar balance, spacing, alignment, oarlock position, and weight distribution for an NRS Otter raft.","233","1422","oar frame setup, NRS Otter raft, oar balance, frame placement, oar locks, drift boat rowing, fly fishing guide school, raft rigging, Bryson City NC","147","Setting up an Oar Frame","23","Setting up an Oar Frame","23","Frame Placement","15","","","","https://flyfishingguideschool.com/blog/setting-up-an-oar-frame/","","","","","","81303","17260","17260","2.558","","1420","182","7.802","92.987","Very Easy","10.352","2","2","","3","1","0","1.670","18","8","0","10","10","0","","","","","f1d0511b3e30c8d8e1c7137ad89b0044","0.151","","","","","en","1.1","","","","","","https://flyfishingguideschool.com/blog/setting-up-an-oar-frame/","2026-07-09 22:07:15"
"https://flyfishingguideschool.com/images/brown-trout-tuck-fall.webp","image/webp","200","OK","Indexable","","","0","0","","0","0","","0","","0","","0","","0","","","","","","","","","","561264","561264","561264","83.179","","0","","","","","0.000","2","1","","0","0","0","0.000","0","0","0","0","0","0","","","","","","0.192","Thu, 09 Jul 2026 19:21:13 GMT","","","","","1.1","","","","","","https://flyfishingguideschool.com/images/brown-trout-tuck-fall.webp","2026-07-09 22:07:15"
"https://flyfishingguideschool.com/blog/get-down-nymphing/","text/html; charset=utf-8","200","OK","Indexable","","Get Down Nymphing | Fly Fishing Guide School | Fly Fishing Guide School","71","644","One of the key challenges faced by new fly fishers is getting the nymph down. A successful fly fisher possesses an uncanny awareness of where the nymph lies in the water column — a skill developed over time with stream awareness.","229","1431","nymph fishing, get down nymphing, tight line nymphing, indicator placement, tuck cast, strike detection, fly fishing guide school, Bryson City NC, Smoky Mountains trout fishing","176","Get Down Nymphing","17","Getting the Nymph Down","22","Tight Line Nymphing and Distance","32","","","","https://flyfishingguideschool.com/blog/get-down-nymphing/","","","","","","72055","14555","14555","2.157","","881","118","7.466","79.607","Fairly Easy","8.022","2","2","","3","1","0","1.670","18","8","0","9","9","0","","","","","feb567067f0ed48a4427f047a24f2cce","0.263","","","","","en","1.1","","","","","","https://flyfishingguideschool.com/blog/get-down-nymphing/","2026-07-09 22:07:15"
"https://flyfishingguideschool.com/blog/loop-publication-2017-ffi-fair/","text/html; charset=utf-8","200","OK","Indexable","","Loop Publication & 2017 FFI Fair Held in Livingston, Montana | Fly Fishing Guide School","87","769","The Loop publication is an online magazine by Fly Fishers International in Livingston, Montana. As of Fall 2017, the Loop is now available for the general public — a win for fly casters and anglers everywhere.","209","1267","Loop publication, Fly Fishers International, FFI Fair, Livingston Montana, fly casting, fly fishing magazine, double haul, Bruce Richards","137","Loop Publication & 2017 FFI Fair Held in Livingston, Montana","60","Loop Publication & 2017 FFI Fair","32","The 2017 FFI Fair in Livingston","31","","","","https://flyfishingguideschool.com/blog/loop-publication-2017-ffi-fair/","","","","","","71378","13629","13629","2.020","","819","109","7.514","64.923","Normal","8.067","2","2","","3","1","0","1.670","19","9","0","9","9","0","","","","","8142fe585bd171dd0d04d96d3f6673fb","0.180","","","","","en","1.1","","","","","","https://flyfishingguideschool.com/blog/loop-publication-2017-ffi-fair/","2026-07-09 22:07:15"
"https://flyfishingguideschool.com/blog/fly-casting-style-substance-intent/","text/html; charset=utf-8","200","OK","Indexable","","Fly Casting Style, Substance & Intent | Fly Fishing Guide School","64","555","Inspired by an email from Alaska-based friend Mark Huber, this post revisits key topics of fly casting style, substance, and intent — referencing foundational work by Al Kyte and Gary Moran in California in the 1980s.","217","1317","fly casting style, fly casting substance, fly casting intent, loop formation, rod tip path, fly casting instruction, fly fishing guide school, Mac Brown, Bryson City NC","168","Fly Casting Style, Substance & Intent","37","Style, Substance & Intent in Fly Casting","40","What Is Style?","14","","","","https://flyfishingguideschool.com/blog/fly-casting-style-substance-intent/","","","","","","76298","14239","14239","2.110","","964","136","7.088","65.983","Normal","8.661","2","2","","3","1","0","1.670","21","11","0","9","9","0","","","","","7fb27e7bec515617563108049503d659","0.133","","","","","en","1.1","","","","","","https://flyfishingguideschool.com/blog/fly-casting-style-substance-intent/","2026-07-09 22:07:15"
"https://flyfishingguideschool.com/blog/top-fly-fishing-guide-school-atlanta-ga/","text/html; charset=utf-8","200","OK","Indexable","","Top Fly Fishing Guide School for Atlanta, GA Anglers | Fly Fishing Guide School","79","695","The Fly Fishing Guide School in Bryson City, NC — 2.5 hours from Atlanta — draws students from metro Atlanta every session. Four FFI Master Certified Casting Instructors, Team USA members, and Hall of Fame inductees teach both career-track guide training and serious recreational skill development.","298","1859","fly fishing guide school Atlanta GA, Bryson City NC, Tuckasegee River, FFI Master Casting Instructor, fly fishing classes Atlanta Georgia, professional guide training Southeast, fly casting instruction Georgia","209","Top Fly Fishing Guide School for Atlanta, GA Anglers","52","Why Atlanta Anglers Make the 2.5-Hour Drive","43","The Faculty","11","","","","https://flyfishingguideschool.com/blog/top-fly-fishing-guide-school-atlanta-ga/","","","","","","117940","22576","22576","3.346","","2195","298","7.366","65.733","Normal","12.526","2","2","","3","1","0","1.670","24","11","0","9","9","0","","","","","acfae3164b6e9521316473c4ea1c32cc","0.356","","","","","en","1.1","","","","","","https://flyfishingguideschool.com/blog/top-fly-fishing-guide-school-atlanta-ga/","2026-07-09 22:07:15"
"https://flyfishingguideschool.com/blog/fly-fishing-and-fly-casting-entropy-or-evolution/","text/html; charset=utf-8","200","OK","Indexable","","Fly Fishing and Fly Casting Entropy or Evolution | Fly Fishing Guide School","75","648","Entropy or evolution in fly fishing and fly casting is alive and well all over the country. The sport is always changing — the question is whether those changes represent genuine progress.","188","1133","fly casting evolution, fly casting instruction, fly fishing entropy, Spey casting, Euro nymphing, casting mechanics, fly fishing guide school, Mac Brown","152","Fly Fishing and Fly Casting Entropy or Evolution","48","Entropy or Evolution?","21","What Entropy Looks Like in Fly Casting","38","","","","https://flyfishingguideschool.com/blog/fly-fishing-and-fly-casting-entropy-or-evolution/","","","","","","71279","13722","13722","2.034","","933","134","6.963","60.672","Normal","9.319","2","2","","3","1","0","1.670","21","11","0","9","9","0","","","","","ebdfbce0db82752692181a4f0490c8f4","0.083","","","","","en","1.1","","","","","","https://flyfishingguideschool.com/blog/fly-fishing-and-fly-casting-entropy-or-evolution/","2026-07-09 22:07:15"
"https://flyfishingguideschool.com/instructors/jerry-yates/","text/html; charset=utf-8","200","OK","Indexable","","Jerry Yates — Fly Fishing Guide & Inventor of Frog's Fanny | Fly Fishing Guide School Bryson City NC | Fly Fishing Guide School","127","1110","Jerry Yates, Fly Fishing Guide & Inventor of Frog's Fanny at the Fly Fishing Guide School in Bryson City, NC. Jerry Yates is a 27-year law enforcement veteran turned full-time fly fishing guide in western North Carolina — and the inventor of Frog's F…","251","1513","","0","Jerry Yates","11","Frequently Asked Questions","26","Train with Jerry","16","","","","https://flyfishingguideschool.com/instructors/jerry-yates/","","","","","","62495","12683","12683","1.880","","568","79","7.190","73.233","Fairly Easy","6.522","2","2","","1","1","0","1.670","15","8","0","9","9","0","","","","","7f5d553d72f1e40225d00323f0282ba4","0.127","","","","","en","1.1","","","","","","https://flyfishingguideschool.com/instructors/jerry-yates/","2026-07-09 22:07:15"
"https://flyfishingguideschool.com/images/instructors/michael-bradley.webp","image/webp","200","OK","Indexable","","","0","0","","0","0","","0","","0","","0","","0","","","","","","","","","","367460","367460","367460","54.458","","0","","","","","0.000","2","2","","0","0","0","0.000","0","0","0","0","0","0","","","","","","0.126","Thu, 09 Jul 2026 19:08:32 GMT","","","","","1.1","","","","","","https://flyfishingguideschool.com/images/instructors/michael-bradley.webp","2026-07-09 22:07:15"
"https://flyfishingguideschool.com/instructors/pip-coe/","text/html; charset=utf-8","200","OK","Indexable","","Pip Coe — Outdoor Educator & Whitewater Professional | Fly Fishing Guide School Bryson City NC | Fly Fishing Guide School","121","1091","Pip Coe, Outdoor Educator & Whitewater Professional at the Fly Fishing Guide School in Bryson City, NC. With a career spanning more than four decades, Pip Coe is one of the most accomplished figures in American outdoor education — from seven ye…","245","1544","","0","Pip Coe","7","Frequently Asked Questions","26","Train with Pip","14","","","","https://flyfishingguideschool.com/instructors/pip-coe/","","","","","","61329","12282","12282","1.820","","500","68","7.353","67.903","Normal","6.162","2","2","","2","2","0","3.330","15","8","0","9","9","0","","","","","187d14a7918a077ee38decc96e692686","0.123","","","","","en","1.1","","","","","","https://flyfishingguideschool.com/instructors/pip-coe/","2026-07-09 22:07:15"
"https://flyfishingguideschool.com/instructors/will-percy/","text/html; charset=utf-8","200","OK","Indexable","","Will Percy — Fly Fishing Guide & Community Advocate | Fly Fishing Guide School Bryson City NC | Fly Fishing Guide School","120","1077","Will Percy, Fly Fishing Guide & Community Advocate at the Fly Fishing Guide School in Bryson City, NC. Will Percy has pursued fly fishing across Belize, Spain, Ireland, Mexico, Canada, Alaska, Hawaii, and throughout the continental U.S. — a gl…","244","1485","","0","Will Percy","10","Frequently Asked Questions","26","Train with Will","15","","","","https://flyfishingguideschool.com/instructors/will-percy/","","","","","","60202","11748","11748","1.741","","423","60","7.050","62.879","Normal","5.543","2","2","","2","2","0","3.330","15","8","0","9","9","0","","","","","ac12c5c73d1251dc35857bda0779f50b","0.193","","","","","en","1.1","","","","","","https://flyfishingguideschool.com/instructors/will-percy/","2026-07-09 22:07:15"
"https://flyfishingguideschool.com/images/instructors/tom-rueping.webp","image/webp","200","OK","Indexable","","","0","0","","0","0","","0","","0","","0","","0","","","","","","","","","","1044870","1044870","1044870","154.850","","0","","","","","0.000","2","2","","0","0","0","0.000","0","0","0","0","0","0","","","","","","0.181","Thu, 09 Jul 2026 19:08:32 GMT","","","","","1.1","","","","","","https://flyfishingguideschool.com/images/instructors/tom-rueping.webp","2026-07-09 22:07:15"
"https://flyfishingguideschool.com/images/instructors/wanda-taylor.webp","image/webp","200","OK","Indexable","","","0","0","","0","0","","0","","0","","0","","0","","","","","","","","","","293468","293468","293468","43.492","","0","","","","","0.000","2","2","","0","0","0","0.000","0","0","0","0","0","0","","","","","","0.112","Thu, 09 Jul 2026 19:08:32 GMT","","","","","1.1","","","","","","https://flyfishingguideschool.com/images/instructors/wanda-taylor.webp","2026-07-09 22:07:15"
"https://flyfishingguideschool.com/images/instructors/callie-freeman.webp","image/webp","200","OK","Indexable","","","0","0","","0","0","","0","","0","","0","","0","","","","","","","","","","134666","134666","134666","19.958","","0","","","","","0.000","2","2","","0","0","0","0.000","0","0","0","0","0","0","","","","","","0.123","Thu, 09 Jul 2026 19:08:32 GMT","","","","","1.1","","","","","","https://flyfishingguideschool.com/images/instructors/callie-freeman.webp","2026-07-09 22:07:15"
"https://flyfishingguideschool.com/images/instructors/whitney-gould.webp","image/webp","200","OK","Indexable","","","0","0","","0","0","","0","","0","","0","","0","","","","","","","","","","209806","209806","209806","31.093","","0","","","","","0.000","2","2","","0","0","0","0.000","0","0","0","0","0","0","","","","","","0.211","Thu, 09 Jul 2026 18:58:30 GMT","","","","","1.1","","","","","","https://flyfishingguideschool.com/images/instructors/whitney-gould.webp","2026-07-09 22:07:15"
"https://flyfishingguideschool.com/images/instructors/josh-stephens.webp","image/webp","200","OK","Indexable","","","0","0","","0","0","","0","","0","","0","","0","","","","","","","","","","35420","35420","35420","5.249","","0","","","","","0.000","2","2","","0","0","0","0.000","0","0","0","0","0","0","","","","","","0.178","Thu, 09 Jul 2026 19:08:32 GMT","","","","","1.1","","","","","","https://flyfishingguideschool.com/images/instructors/josh-stephens.webp","2026-07-09 22:07:16"
"https://flyfishingguideschool.com/images/instructors/jerry-yates.webp","image/webp","200","OK","Indexable","","","0","0","","0","0","","0","","0","","0","","0","","","","","","","","","","491620","491620","491620","72.858","","0","","","","","0.000","2","2","","0","0","0","0.000","0","0","0","0","0","0","","","","","","0.201","Thu, 09 Jul 2026 19:08:32 GMT","","","","","1.1","","","","","","https://flyfishingguideschool.com/images/instructors/jerry-yates.webp","2026-07-09 22:07:16"
"https://flyfishingguideschool.com/instructors/tom-rueping/","text/html; charset=utf-8","200","OK","Indexable","","Tom Rueping — FFI Master Certified Casting Instructor | Fly Fishing Guide School Bryson City NC | Fly Fishing Guide School","122","1083","Tom Rueping, FFI Master Certified Casting Instructor at the Fly Fishing Guide School in Bryson City, NC. Tom Rueping has cast a fly from Alaska to the Bahamas to Costa Rica — and his global experience shows up in every lesson. An FFI Master Cert…","246","1531","","0","Tom Rueping","11","Frequently Asked Questions","26","Train with Tom","14","","","","https://flyfishingguideschool.com/instructors/tom-rueping/","","","","","","63413","12526","12526","1.856","","566","73","7.753","61.901","Normal","6.691","2","2","","2","2","0","3.330","15","8","0","9","9","0","","","","","963e9b6553df1c3a1ac9d9558759badc","0.404","","","","","en","1.1","","","","","","https://flyfishingguideschool.com/instructors/tom-rueping/","2026-07-09 22:07:16"
"https://flyfishingguideschool.com/instructors/eric-cook/","text/html; charset=utf-8","200","OK","Indexable","","Eric Cook — FFI Master Certified Casting Instructor | Fly Fishing Guide School Bryson City NC | Fly Fishing Guide School","120","1048","Eric Cook, FFI Master Certified Casting Instructor at the Fly Fishing Guide School in Bryson City, NC. With over 40 years on the water and the rare distinction of FFI Master Certified Casting Instructor — the highest casting credential the org…","244","1467","","0","Eric Cook","9","Frequently Asked Questions","26","Train with Eric","15","","","","https://flyfishingguideschool.com/instructors/eric-cook/","","","","","","62019","12305","12305","1.824","","534","68","7.853","58.340","Fairly Hard","6.544","2","2","","2","2","0","3.330","15","8","0","9","9","0","","","","","776ba23f21c3f3bbbc303e8d08770318","0.366","","","","","en","1.1","","","","","","https://flyfishingguideschool.com/instructors/eric-cook/","2026-07-09 22:07:16"
"https://flyfishingguideschool.com/images/instructors/woody-woodruff.webp","image/webp","200","OK","Indexable","","","0","0","","0","0","","0","","0","","0","","0","","","","","","","","","","213306","213306","213306","31.612","","0","","","","","0.000","2","2","","0","0","0","0.000","0","0","0","0","0","0","","","","","","0.176","Thu, 09 Jul 2026 19:08:32 GMT","","","","","1.1","","","","","","https://flyfishingguideschool.com/images/instructors/woody-woodruff.webp","2026-07-09 22:07:16"
"https://flyfishingguideschool.com/instructors/patrick-weaver/","text/html; charset=utf-8","200","OK","Indexable","","Patrick Weaver — Fly Fishing Instructor & Author | Fly Fishing Guide School Bryson City NC | Fly Fishing Guide School","117","1027","Patrick Weaver, Fly Fishing Instructor & Author at the Fly Fishing Guide School in Bryson City, NC. With over 40 years on the water and 30 years of instruction, Patrick Weaver has fly fished in more than 20 states — from steelhead in New Yo…","241","1473","","0","Patrick Weaver","14","Frequently Asked Questions","26","Train with Patrick","18","","","","https://flyfishingguideschool.com/instructors/patrick-weaver/","","","","","","62276","12267","12267","1.818","","516","71","7.268","66.492","Normal","6.146","2","2","","1","1","0","1.670","15","8","0","9","9","0","","","","","ecf3f198c6b78108943f3b7837d655f8","0.197","","","","","en","1.1","","","","","","https://flyfishingguideschool.com/instructors/patrick-weaver/","2026-07-09 22:07:16"
"https://flyfishingguideschool.com/_next/static/chunks/app/meet-rowing-fly-casting-fly-fishing-instructors/page-c66ecd7420aa4705.js?dpl=dpl_9fYX5NGBYtbBGcdtEGFNdp6JUDeh","application/javascript; charset=utf-8","200","OK","Indexable","","","0","0","","0","0","","0","","0","","0","","0","","","","","","","","","","0","0","0","0.000","","0","","","","","0.000","2","5","","0","0","0","0.000","0","0","0","0","0","0","","","","","","0.110","Thu, 09 Jul 2026 19:07:00 GMT","","","","","1.1","","","","","","https://flyfishingguideschool.com/_next/static/chunks/app/meet-rowing-fly-casting-fly-fishing-instructors/page-c66ecd7420aa4705.js?dpl=dpl_9fYX5NGBYtbBGcdtEGFNdp6JUDeh","2026-07-09 22:07:16"
"https://flyfishingguideschool.com/images/instructors/ken-kastorff.webp","image/webp","200","OK","Indexable","","","0","0","","0","0","","0","","0","","0","","0","","","","","","","","","","62026","62026","62026","9.192","","0","","","","","0.000","2","2","","0","0","0","0.000","0","0","0","0","0","0","","","","","","0.133","Thu, 09 Jul 2026 19:08:32 GMT","","","","","1.1","","","","","","https://flyfishingguideschool.com/images/instructors/ken-kastorff.webp","2026-07-09 22:07:16"
"https://flyfishingguideschool.com/images/instructors/patrick-weaver.webp","image/webp","200","OK","Indexable","","","0","0","","0","0","","0","","0","","0","","0","","","","","","","","","","310106","310106","310106","45.958","","0","","","","","0.000","2","2","","0","0","0","0.000","0","0","0","0","0","0","","","","","","0.152","Thu, 09 Jul 2026 19:08:32 GMT","","","","","1.1","","","","","","https://flyfishingguideschool.com/images/instructors/patrick-weaver.webp","2026-07-09 22:07:16"
"https://flyfishingguideschool.com/instructors/wanda-taylor/","text/html; charset=utf-8","200","OK","Indexable","","Wanda Taylor — Master Certified Casting Instructor & Professional Guide | Fly Fishing Guide School Bryson City NC | Fly Fishing Guide School","140","1246","Wanda Taylor, Master Certified Casting Instructor & Professional Guide at the Fly Fishing Guide School in Bryson City, NC. Wanda Taylor became the first woman in history to earn the title of Master Certified Casting Instructor through Fly Fishers International — …","264","1611","","0","Wanda Taylor","12","Frequently Asked Questions","26","Train with Wanda","16","","","","https://flyfishingguideschool.com/instructors/wanda-taylor/","","","","","","62267","12315","12315","1.825","","541","73","7.411","66.236","Normal","6.418","2","2","","1","1","0","1.670","15","8","0","9","9","0","","","","","e436c9f5ff2621bd218b3bbb69a9b590","0.230","","","","","en","1.1","","","","","","https://flyfishingguideschool.com/instructors/wanda-taylor/","2026-07-09 22:07:16"
"https://flyfishingguideschool.com/images/instructors/tony-brooks.webp","image/webp","200","OK","Indexable","","","0","0","","0","0","","0","","0","","0","","0","","","","","","","","","","351042","351042","351042","52.024","","0","","","","","0.000","2","2","","0","0","0","0.000","0","0","0","0","0","0","","","","","","0.189","Thu, 09 Jul 2026 19:08:32 GMT","","","","","1.1","","","","","","https://flyfishingguideschool.com/images/instructors/tony-brooks.webp","2026-07-09 22:07:16"
"https://flyfishingguideschool.com/images/instructors/eric-cook.webp","image/webp","200","OK","Indexable","","","0","0","","0","0","","0","","0","","0","","0","","","","","","","","","","947516","947516","947516","140.422","","0","","","","","0.000","2","2","","0","0","0","0.000","0","0","0","0","0","0","","","","","","0.193","Thu, 09 Jul 2026 19:08:32 GMT","","","","","1.1","","","","","","https://flyfishingguideschool.com/images/instructors/eric-cook.webp","2026-07-09 22:07:17"
"https://flyfishingguideschool.com/instructors/woody-woodruff/","text/html; charset=utf-8","200","OK","Indexable","","Grant ""Woody"" Woodruff — Whitewater Professional & River Guide | Fly Fishing Guide School Bryson City NC | Fly Fishing Guide School","131","1183","Grant ""Woody"" Woodruff, Whitewater Professional & River Guide at the Fly Fishing Guide School in Bryson City, NC. Grant ""Woody"" Woodruff is a quietly legendary figure in Western North Carolina outdoor circles — a certified river rescue and rafting instru…","255","1559","","0","Grant ""Woody"" Woodruff","22","Frequently Asked Questions","26","Train with Grant","16","","","","https://flyfishingguideschool.com/instructors/woody-woodruff/","","","","","","62075","12272","12272","1.819","","539","71","7.592","64.774","Normal","6.458","2","2","","1","1","0","1.670","15","8","0","9","9","0","","","","","24d5246d3f27ac09d98e374ae3bcf7de","0.261","","","","","en","1.1","","","","","","https://flyfishingguideschool.com/instructors/woody-woodruff/","2026-07-09 22:07:16"
"https://flyfishingguideschool.com/instructors/cassie-spurling/","text/html; charset=utf-8","200","OK","Indexable","","Cassie Spurling — Fly Fishing Guide & Instructor | Fly Fishing Guide School Bryson City NC | Fly Fishing Guide School","117","1021","Cassie Spurling, Fly Fishing Guide & Instructor at the Fly Fishing Guide School in Bryson City, NC. Raised in the mountains of western North Carolina, Cassie Spurling was introduced to fly fishing before she could walk and earned a fly fish…","241","1460","","0","Cassie Spurling","15","Frequently Asked Questions","26","Train with Cassie","17","","","","https://flyfishingguideschool.com/instructors/cassie-spurling/","","","","","","60375","11990","11990","1.777","","505","67","7.537","70.861","Fairly Easy","6.209","2","2","","1","1","0","1.670","15","8","0","9","9","0","","","","","2d3db5b5d5aa43edacde966de89dbb59","0.141","","","","","en","1.1","","","","","","https://flyfishingguideschool.com/instructors/cassie-spurling/","2026-07-09 22:07:17"
"https://flyfishingguideschool.com/instructors/callie-freeman/","text/html; charset=utf-8","200","OK","Indexable","","Callie Freeman, PhD — Fly Casting Instructor & Educator | Fly Fishing Guide School Bryson City NC | Fly Fishing Guide School","124","1095","Callie Freeman, PhD, Fly Casting Instructor & Educator at the Fly Fishing Guide School in Bryson City, NC. Callie Freeman holds a PhD in Entomology and brings a rare blend of scientific rigor, public speaking expertise, and genuine angling passion…","248","1511","","0","Callie Freeman, PhD","19","Frequently Asked Questions","26","Train with Callie","17","","","","https://flyfishingguideschool.com/instructors/callie-freeman/","","","","","","63549","12578","12578","1.864","","521","72","7.236","48.152","Hard","6.636","2","2","","1","1","0","1.670","15","8","0","9","9","0","","","","","17ecc3432fd84adfad8ea1596676c4a","0.196","","","","","en","1.1","","","","","","https://flyfishingguideschool.com/instructors/callie-freeman/","2026-07-09 22:07:17"
"https://flyfishingguideschool.com/images/instructors/michael-mauri.webp","image/webp","200","OK","Indexable","","","0","0","","0","0","","0","","0","","0","","0","","","","","","","","","","42218","42218","42218","6.257","","0","","","","","0.000","2","2","","0","0","0","0.000","0","0","0","0","0","0","","","","","","0.189","Thu, 09 Jul 2026 19:08:32 GMT","","","","","1.1","","","","","","https://flyfishingguideschool.com/images/instructors/michael-mauri.webp","2026-07-09 22:07:17"
"https://flyfishingguideschool.com/instructors/josh-stephens/","text/html; charset=utf-8","200","OK","Indexable","","Josh Stephens — Competitive Angler & Fly Fishing Guide | Fly Fishing Guide School Bryson City NC | Fly Fishing Guide School","123","1101","Josh Stephens, Competitive Angler & Fly Fishing Guide at the Fly Fishing Guide School in Bryson City, NC. Forged on the Nantahala River as a teenager and sharpened on the storied waters of Colorado's San Juan Mountains, Josh Stephens has represen…","247","1560","","0","Josh Stephens","13","Frequently Asked Questions","26","Train with Josh","15","","","","https://flyfishingguideschool.com/instructors/josh-stephens/","","","","","","61351","12272","12272","1.819","","515","69","7.464","69.156","Normal","6.238","2","2","","1","1","0","1.670","15","8","0","9","9","0","","","","","717964da1b9f6d37542c4f32cbc8a63a","0.336","","","","","en","1.1","","","","","","https://flyfishingguideschool.com/instructors/josh-stephens/","2026-07-09 22:07:17"
"https://flyfishingguideschool.com/instructors/simons-welter/","text/html; charset=utf-8","200","OK","Indexable","","Simons Welter — Fly Fishing Guide, Brookings Anglers | Fly Fishing Guide School Bryson City NC | Fly Fishing Guide School","121","1076","Simons Welter, Fly Fishing Guide, Brookings Anglers at the Fly Fishing Guide School in Bryson City, NC. With more than 20 years of fly fishing experience and over 14 years guiding for Brookings Anglers in Cashiers, NC, Simons Welter is one of t…","245","1490","","0","Simons Welter","13","Frequently Asked Questions","26","Train with Simons","17","","","","https://flyfishingguideschool.com/instructors/simons-welter/","","","","","","63415","12151","12151","1.801","","518","72","7.194","64.140","Normal","6.166","2","2","","1","1","0","1.670","15","8","0","9","9","0","","","","","d43c13aa9031df2a47a496726e40f631","0.275","","","","","en","1.1","","","","","","https://flyfishingguideschool.com/instructors/simons-welter/","2026-07-09 22:07:17"
"https://flyfishingguideschool.com/images/instructors/mac-brown.webp","image/webp","200","OK","Indexable","","","0","0","","0","0","","0","","0","","0","","0","","","","","","","","","","67932","67932","67932","10.068","","0","","","","","0.000","2","2","","0","0","0","0.000","0","0","0","0","0","0","","","","","","0.126","Thu, 09 Jul 2026 19:08:32 GMT","","","","","1.1","","","","","","https://flyfishingguideschool.com/images/instructors/mac-brown.webp","2026-07-09 22:07:17"
"https://flyfishingguideschool.com/instructors/michael-mauri/","text/html; charset=utf-8","200","OK","Indexable","","Michael Mauri — Fly Casting Instructor, Innovator & Rod Designer | Fly Fishing Guide School Bryson City NC | Fly Fishing Guide School","133","1172","Michael Mauri, Fly Casting Instructor, Innovator & Rod Designer at the Fly Fishing Guide School in Bryson City, NC. Michael Mauri is an internationally recognized fly casting instructor and the developer of the Effective Fly Casting Technique (EFCT) — a ca…","257","1562","","0","Michael Mauri","13","Frequently Asked Questions","26","Train with Michael","18","","","","https://flyfishingguideschool.com/instructors/michael-mauri/","","","","","","62375","12363","12363","1.832","","558","76","7.342","56.867","Fairly Hard","6.880","2","2","","1","1","0","1.670","15","8","0","9","9","0","","","","","14f0e38639c8291b3ea0a63613444be9","0.195","","","","","en","1.1","","","","","","https://flyfishingguideschool.com/instructors/michael-mauri/","2026-07-09 22:07:17"
"https://flyfishingguideschool.com/images/instructors/pip-coe.webp","image/webp","200","OK","Indexable","","","0","0","","0","0","","0","","0","","0","","0","","","","","","","","","","418606","418606","418606","62.037","","0","","","","","0.000","2","2","","0","0","0","0.000","0","0","0","0","0","0","","","","","","0.134","Thu, 09 Jul 2026 19:08:32 GMT","","","","","1.1","","","","","","https://flyfishingguideschool.com/images/instructors/pip-coe.webp","2026-07-09 22:07:17"
"https://flyfishingguideschool.com/images/instructors/simons-welter.webp","image/webp","200","OK","Indexable","","","0","0","","0","0","","0","","0","","0","","0","","","","","","","","","","65776","65776","65776","9.748","","0","","","","","0.000","2","2","","0","0","0","0.000","0","0","0","0","0","0","","","","","","0.179","Thu, 09 Jul 2026 19:08:32 GMT","","","","","1.1","","","","","","https://flyfishingguideschool.com/images/instructors/simons-welter.webp","2026-07-09 22:07:17"
"https://flyfishingguideschool.com/images/instructors/will-percy.webp","image/webp","200","OK","Indexable","","","0","0","","0","0","","0","","0","","0","","0","","","","","","","","","","235208","235208","235208","34.858","","0","","","","","0.000","2","2","","0","0","0","0.000","0","0","0","0","0","0","","","","","","0.126","Thu, 09 Jul 2026 19:08:32 GMT","","","","","1.1","","","","","","https://flyfishingguideschool.com/images/instructors/will-percy.webp","2026-07-09 22:07:17"
"https://flyfishingguideschool.com/instructors/tony-brooks/","text/html; charset=utf-8","200","OK","Indexable","","Tony Brooks — Certified Casting Instructor & Guide | Fly Fishing Guide School Bryson City NC | Fly Fishing Guide School","119","1048","Tony Brooks, Certified Casting Instructor & Guide at the Fly Fishing Guide School in Bryson City, NC. Tony Brooks is an FFI Certified Casting Instructor and professional fly fishing guide based in Hendersonville, NC, with over 50 years of exp…","243","1469","","0","Tony Brooks","11","Frequently Asked Questions","26","Train with Tony","15","","","","https://flyfishingguideschool.com/instructors/tony-brooks/","","","","","","61769","12658","12658","1.876","","571","78","7.321","71.542","Fairly Easy","6.680","2","2","","2","2","0","3.330","15","8","0","9","9","0","","","","","347a4c8f143d2667ea238fabec6cb2cb","0.346","","","","","en","1.1","","","","","","https://flyfishingguideschool.com/instructors/tony-brooks/","2026-07-09 22:07:17"
"https://flyfishingguideschool.com/instructors/michael-bradley/","text/html; charset=utf-8","200","OK","Indexable","","Michael Bradley — Competitive Fly Fisherman & Guide | Fly Fishing Guide School Bryson City NC | Fly Fishing Guide School","120","1078","Michael Bradley, Competitive Fly Fisherman & Guide at the Fly Fishing Guide School in Bryson City, NC. One of the most decorated competitive fly fishermen in the United States, Michael Bradley has represented Team USA at the World Fly Fishing …","244","1510","","0","Michael Bradley","15","Frequently Asked Questions","26","Train with Michael","18","","","","https://flyfishingguideschool.com/instructors/michael-bradley/","","","","","","61533","12156","12156","1.802","","529","71","7.451","65.416","Normal","6.443","2","2","","2","2","0","3.330","15","8","0","9","9","0","","","","","b62550bafec27e1d11a3fc989dd34d33","0.144","","","","","en","1.1","","","","","","https://flyfishingguideschool.com/instructors/michael-bradley/","2026-07-09 22:07:18"
"https://flyfishingguideschool.com/instructors/mac-brown/","text/html; charset=utf-8","200","OK","Indexable","","Mac Brown — Head Instructor & Founder | Fly Fishing Guide School Bryson City NC | Fly Fishing Guide School","106","956","Mac Brown, Head Instructor & Founder at the Fly Fishing Guide School in Bryson City, NC. Mac Brown has been guiding anglers and training professional fly fishing guides in Bryson City, NC since 1987 — founding the first full-time…","230","1416","","0","Mac Brown","9","Frequently Asked Questions","26","Train with Mac","14","","","","https://flyfishingguideschool.com/instructors/mac-brown/","","","","","","62402","12206","12206","1.809","","533","73","7.301","71.651","Fairly Easy","6.253","2","2","","2","2","0","3.330","15","8","0","9","9","0","","","","","affa54209a1091ebff6d81ed036776bc","0.360","","","","","en","1.1","","","","","","https://flyfishingguideschool.com/instructors/mac-brown/","2026-07-09 22:07:17"
"https://flyfishingguideschool.com/_next/static/chunks/app/reservation-form/page-3fb6fe032102d825.js?dpl=dpl_9fYX5NGBYtbBGcdtEGFNdp6JUDeh","application/javascript; charset=utf-8","200","OK","Indexable","","","0","0","","0","0","","0","","0","","0","","0","","","","","","","","","","0","0","0","0.000","","0","","","","","0.000","2","5","","0","0","0","0.000","0","0","0","0","0","0","","","","","","0.061","Thu, 09 Jul 2026 19:07:00 GMT","","","","","1.1","","","","","","https://flyfishingguideschool.com/_next/static/chunks/app/reservation-form/page-3fb6fe032102d825.js?dpl=dpl_9fYX5NGBYtbBGcdtEGFNdp6JUDeh","2026-07-09 22:07:18"
"https://flyfishingguideschool.com/instructors/ken-kastorff/","text/html; charset=utf-8","200","OK","Indexable","","Ken Kastorff — Founder, Endless River Adventures & Head Fly Fishing Guide | Fly Fishing Guide School Bryson City NC | Fly Fishing Guide School","142","1270","Ken Kastorff, Founder, Endless River Adventures & Head Fly Fishing Guide at the Fly Fishing Guide School in Bryson City, NC. Ken Kastorff arrived in the Nantahala Gorge in 1975 and has been a force in the outdoor industry ever since. Co-founder of Endless River Adv…","266","1642","","0","Ken Kastorff","12","Frequently Asked Questions","26","Train with Ken","14","","","","https://flyfishingguideschool.com/instructors/ken-kastorff/","","","","","","61761","12179","12179","1.805","","513","71","7.225","65.098","Normal","6.243","2","2","","2","2","0","3.330","15","8","0","9","9","0","","","","","168fad9f31ac7838045a77b9ab8649d9","0.327","","","","","en","1.1","","","","","","https://flyfishingguideschool.com/instructors/ken-kastorff/","2026-07-09 22:07:17"
"https://flyfishingguideschool.com/_next/static/chunks/app/instructors/%5Bslug%5D/page-9a11ba9bc76c2db6.js?dpl=dpl_9fYX5NGBYtbBGcdtEGFNdp6JUDeh","application/javascript; charset=utf-8","200","OK","Indexable","","","0","0","","0","0","","0","","0","","0","","0","","","","","","","","","","0","0","0","0.000","","0","","","","","0.000","3","6","","0","0","0","0.000","0","0","0","0","0","0","","","","","","0.162","Thu, 09 Jul 2026 19:07:00 GMT","","","","","1.1","","","","","","https://flyfishingguideschool.com/_next/static/chunks/app/instructors/%5Bslug%5D/page-9a11ba9bc76c2db6.js?dpl=dpl_9fYX5NGBYtbBGcdtEGFNdp6JUDeh","2026-07-09 22:07:18"
"https://flyfishingguideschool.com/instructors/whitney-gould/","text/html; charset=utf-8","200","OK","Indexable","","Whitney Gould — Steelhead Guide & World Champion Spey Caster | Fly Fishing Guide School Bryson City NC | Fly Fishing Guide School","129","1182","Whitney Gould, Steelhead Guide & World Champion Spey Caster at the Fly Fishing Guide School in Bryson City, NC. Whitney Gould is an eight-time Spey-O-Rama International Casting Champion and the current women's world record holder in Spey distance casti…","253","1603","","0","Whitney Gould","13","Frequently Asked Questions","26","Train with Whitney","18","","","","https://flyfishingguideschool.com/instructors/whitney-gould/","","","","","","63743","12716","12716","1.885","","538","77","6.987","73.315","Fairly Easy","6.364","2","2","","1","1","0","1.670","15","8","0","9","9","0","","","","","e4c93e2e596a986bbc0b8cea7148f673","0.254","","","","","en","1.1","","","","","","https://flyfishingguideschool.com/instructors/whitney-gould/","2026-07-09 22:07:18"
"https://flyfishingguideschool.com/blog/fly-fishing-classes-north-carolina-smoky-mountains","text/html; charset=utf-8","200","OK","Non-Indexable","Canonicalised","Fly Fishing Classes in North Carolina Smoky Mountains for Trout Fishing | Fly Fishing Guide School","98","871","Fly fishing classes in North Carolina Smoky Mountains for trout fishing is a 4-day intensive course — an intense immersion into all things fly fishing in beautiful Bryson City, NC.","180","1073","fly fishing classes North Carolina, Smoky Mountains fly fishing, Bryson City NC, fly fishing guide school, FFI Master Casting Instructor, trout fishing NC","154","Fly Fishing Classes in North Carolina Smoky Mountains for Trout Fishing","71","Fly Fishing Classes in the NC Smoky Mountains","45","Not Your Average Fly Shop Instruction","37","","","","https://flyfishingguideschool.com/blog/fly-fishing-classes-north-carolina-smoky-mountains/","","","","","","72575","13433","13433","1.991","","847","108","7.843","66.431","Normal","8.315","3","1","","2","2","0","3.330","20","10","0","9","9","0","","","","","f1edccac0075e1196804be74240cc3bc","0.163","","","","","en","1.1","","","","","","https://flyfishingguideschool.com/blog/fly-fishing-classes-north-carolina-smoky-mountains","2026-07-09 22:07:18"
"https://flyfishingguideschool.com/pdfs/2017-apr-july-loop.pdf","text/html; charset=utf-8","404","Not Found","Non-Indexable","Client Error","","0","0","","0","0","","0","","0","","0","","0","","","","","","","","","","0","0","0","0.000","","0","","","","","0.000","3","1","","1","1","0","1.670","0","0","0","0","0","0","","","","","","0.194","Thu, 09 Jul 2026 18:52:52 GMT","","","","","1.1","","","","","","https://flyfishingguideschool.com/pdfs/2017-apr-july-loop.pdf","2026-07-09 22:07:18"
"https://flyfishingguideschool.com/images/instructors/cassie-spurling.webp","image/webp","200","OK","Indexable","","","0","0","","0","0","","0","","0","","0","","0","","","","","","","","","","1030528","1030528","1030528","152.724","","0","","","","","0.000","2","2","","0","0","0","0.000","0","0","0","0","0","0","","","","","","1.174","Thu, 09 Jul 2026 19:07:00 GMT","","","","","1.1","","","","","","https://flyfishingguideschool.com/images/instructors/cassie-spurling.webp","2026-07-09 22:07:17"
"https://flyfishingguideschool.com/greenville-sc-fly-fishing-guide-school/","text/html; charset=utf-8","200","OK","Indexable","","Fly Fishing Guide School Near Greenville SC","43","389","2.5 hours from Greenville SC. Train under FFI Master Certified Instructors on the Tuckasegee River in the Smoky Mountains. Southeast's top guide school since 1987.","163","1014","","0","Two and a half hours west. A world apart from everything you know.","66","Which brings you here?","22","From casual to capable.","23","","","","https://flyfishingguideschool.com/greenville-sc-fly-fishing-guide-school/","","","","","","107086","18811","18811","2.788","","1357","183","7.415","79.110","Fairly Easy","8.248","3","1","","3","3","0","5.000","20","11","0","10","10","0","","","","","43f1b53ada2210a546c65cd5673b92cc","0.213","","","","","en","1.1","","","","","","https://flyfishingguideschool.com/greenville-sc-fly-fishing-guide-school/","2026-07-09 22:07:18"
"https://flyfishingguideschool.com/asheville-fly-fishing-guide-school/","text/html; charset=utf-8","200","OK","Indexable","","Fly Fishing Guide School Near Asheville NC","42","382","1.5 hours from Asheville. Train under FFI Master Instructors on the Southeast's finest wild trout water in Bryson City, NC. Enrolling now.","138","834","","0","You already love the outdoor life. Now master the water.","56","Which brings you here?","22","Asheville puts you 90 minutes from some of the best fly fishing schools near me in the East — and most residents never take advantage of it.","140","","","","https://flyfishingguideschool.com/asheville-fly-fishing-guide-school/","","","","","","98594","17654","17654","2.616","","1235","161","7.671","83.281","Easy","7.931","3","1","","3","3","0","5.000","19","11","0","10","10","0","","","","","158cd28fd67a4d1c54c489324ff63f9a","0.264","","","","","en","1.1","","","","","","https://flyfishingguideschool.com/asheville-fly-fishing-guide-school/","2026-07-09 22:07:18"
"https://flyfishingguideschool.com/guide-school-locations/","text/html; charset=utf-8","200","OK","Indexable","","Fly Fishing Guide School Locations — Southeast US","49","455","The Fly Fishing Guide School draws students from across the nation to Bryson City, NC. Whether you're deepening your love of fly fishing or launching a guide career — find the gateway city nearest you.","201","1235","","0","Find the School Nearest You","27","The school is in Bryson City — your drive is shorter than you think.","68","Which path is right for you?","28","","","","https://flyfishingguideschool.com/guide-school-locations/","","","","","","112936","17451","17451","2.586","","1167","179","6.520","84.880","Easy","6.635","3","1","","12","12","0","20.000","26","19","0","9","9","0","","","","","dd1aa5f3883eec977ae3244d4ebcfbc","0.250","","","","","en","1.1","","","","","","https://flyfishingguideschool.com/guide-school-locations/","2026-07-09 22:07:18"
"https://flyfishingguideschool.com/blog/southern-appalachian-fly-fishing-museum-induction","text/html; charset=utf-8","200","OK","Non-Indexable","Canonicalised","Southern Appalachian Fly Fishing Museum Induction | Fly Fishing Guide School","76","696","The second annual Hall of Fame for the Southern Appalachian Fly Fishing Museum Induction took place on August 26, 2017, at SCC in Bryson City, NC — a chance to give thanks and share lessons from those who helped shape my journey.","229","1462","Southern Appalachian Fly Fishing Museum, Hall of Fame, Mac Brown, Bryson City NC, Casting Angles, fly fishing instruction, fly casting","134","Southern Appalachian Fly Fishing Museum Induction","49","Southern Appalachian Fly Fishing Museum Induction","49","Lessons From the Journey","24","","","","https://flyfishingguideschool.com/blog/southern-appalachian-fly-fishing-museum-induction/","","","","","","85332","15065","15065","2.233","","940","119","7.899","70.927","Fairly Easy","7.457","3","1","","2","2","0","3.330","19","9","0","9","9","0","","","","","c3def15698ba66ca61633fb82064531","0.136","","","","","en","1.1","","","","","","https://flyfishingguideschool.com/blog/southern-appalachian-fly-fishing-museum-induction","2026-07-09 22:07:18"
"https://flyfishingguideschool.com/bryson-city-fly-fishing-guide-school/","text/html; charset=utf-8","200","OK","Indexable","","Fly Fishing Guide School in Bryson City NC","42","373","Train on the Tuckasegee River right in Bryson City, NC — heart of Smoky Mountain trout country. FFI Master Certified Instructors since 1987.","140","864","","0","This is where the school lives. You're already here.","52","Which brings you here?","22","From casual to capable.","23","","","","https://flyfishingguideschool.com/bryson-city-fly-fishing-guide-school/","","","","","","110652","18831","18831","2.791","","1337","181","7.387","84.428","Easy","7.605","3","1","","3","3","0","5.000","21","12","0","12","12","0","","","","","435951d2bcb17e3ca88298fe358d659","0.399","","","","","en","1.1","","","","","","https://flyfishingguideschool.com/bryson-city-fly-fishing-guide-school/","2026-07-09 22:07:18"
"https://flyfishingguideschool.com/atlanta-fly-fishing-guide-school/","text/html; charset=utf-8","200","OK","Indexable","","Fly Fishing Guide School Near Atlanta GA","40","366","3 hours from Atlanta. Trade the city for the Smokies — 4-day guide training under FFI Master Casting Instructors in Bryson City, NC since 1987.","143","878","","0","The career reset is 3 hours north of Atlanta.","45","Which brings you here?","22","From casual to capable.","23","","","","https://flyfishingguideschool.com/atlanta-fly-fishing-guide-school/","","","","","","103694","18635","18635","2.762","","1301","169","7.698","84.704","Easy","7.840","3","1","","5","5","0","8.330","19","11","0","10","10","0","","","","","437cb946d5cf135f454ac8fbfd7c2a8","0.514","","","","","en","1.1","","","","","","https://flyfishingguideschool.com/atlanta-fly-fishing-guide-school/","2026-07-09 22:07:18"
"https://flyfishingguideschool.com/raleigh-fly-fishing-guide-school/","text/html; charset=utf-8","200","OK","Indexable","","Fly Fishing Guide School Near Raleigh NC","40","367","4 hours from Raleigh. Systems-based guide training under FFI Master Certified Instructors in Bryson City, NC. The Southeast's top fly fishing school.","149","909","","0","The most complex system you'll ever analyze runs through a mountain.","68","Which brings you here?","22","From casual to capable.","23","","","","https://flyfishingguideschool.com/raleigh-fly-fishing-guide-school/","","","","","","105348","18997","18997","2.815","","1350","183","7.377","77.335","Fairly Easy","8.334","3","1","","3","3","0","5.000","19","11","0","10","10","0","","","","","b6482ac856ca7484fdb719a89608cb5c","0.297","","","","","en","1.1","","","","","","https://flyfishingguideschool.com/raleigh-fly-fishing-guide-school/","2026-07-09 22:07:18"
"https://flyfishingguideschool.com/birmingham-fly-fishing-guide-school/","text/html; charset=utf-8","200","OK","Indexable","","Fly Fishing Guide School Near Birmingham AL","43","407","3.5 hours from Birmingham. Alabama anglers train at the Southeast's top fly fishing guide school in Bryson City, NC. FFI Master Instructors since 1987.","151","931","","0","Alabama anglers don't let 3.5 hours stand between them and great water.","71","Which brings you here?","22","From casual to capable.","23","","","","https://flyfishingguideschool.com/birmingham-fly-fishing-guide-school/","","","","","","106204","19084","19084","2.828","","1339","196","6.832","78.845","Fairly Easy","8.108","3","1","","3","3","0","5.000","20","11","0","10","10","0","","","","","8281869cef186e54544f52b984579cf6","0.292","","","","","en","1.1","","","","","","https://flyfishingguideschool.com/birmingham-fly-fishing-guide-school/","2026-07-09 22:07:19"
"https://flyfishingguideschool.com/chattanooga-fly-fishing-guide-school/","text/html; charset=utf-8","200","OK","Indexable","","Fly Fishing Guide School Near Chattanooga TN","44","415","2.5 hours from Chattanooga. Train on wild Smoky Mountain trout water under FFI Master Instructors in Bryson City, NC. Guide school since 1987.","142","900","","0","You've mastered the trail. You've run the river. Now read the trout stream.","75","Which brings you here?","22","From casual to capable.","23","","","","https://flyfishingguideschool.com/chattanooga-fly-fishing-guide-school/","","","","","","109364","18942","18942","2.807","","1330","183","7.268","75.930","Fairly Easy","7.950","3","1","","3","3","0","5.000","19","11","0","10","10","0","","","","","1410df45a562b9bb3501d79981134a24","0.184","","","","","en","1.1","","","","","","https://flyfishingguideschool.com/chattanooga-fly-fishing-guide-school/","2026-07-09 22:07:19"
"https://flyfishingguideschool.com/knoxville-fly-fishing-guide-school/","text/html; charset=utf-8","200","OK","Indexable","","Fly Fishing Guide School Near Knoxville TN","42","381","Just 2 hours from Knoxville — the closest top-tier fly fishing guide school to East Tennessee. FFI Master Certified Instructors in Bryson City, NC.","147","879","","0","You're at the front door. Come in.","34","Which brings you here?","22","From casual to capable.","23","","","","https://flyfishingguideschool.com/knoxville-fly-fishing-guide-school/","","","","","","103939","18568","18568","2.752","","1295","165","7.848","80.429","Easy","7.984","3","1","","3","3","0","5.000","19","11","0","10","10","0","","","","","b33a237f71792067475bffc292086da5","0.370","","","","","en","1.1","","","","","","https://flyfishingguideschool.com/knoxville-fly-fishing-guide-school/","2026-07-09 22:07:19"
"https://flyfishingguideschool.com/blog/bryson-city-trout-capital-fly-fishing","text/html; charset=utf-8","200","OK","Non-Indexable","Canonicalised","Bryson City: Why the Trout Capital of the East Is the Right Place to Train | Fly Fishing Guide School","101","868","Bryson City sits inside Swain County — over 2,400 miles of wild trout water, one of the highest percentages of protected public land of any county east of the Mississippi River, and three distinct river types within a short drive of each other. Here is why location matters more than any other factor when choosing a fly fishing guide school.","342","2062","Bryson City trout fishing, Trout Capital of the East, Smoky Mountains fly fishing, Tuckasegee River, Nantahala River, Deep Creek, wild trout NC, fly fishing guide school, Swain County, Great Smoky Mountains National Park, guide training location","245","Bryson City: Why the Trout Capital of the East Is the Right Place to Train","74","Which brings you here?","22","Why Water Diversity Matters for Guide Training","46","","","","https://flyfishingguideschool.com/blog/bryson-city-trout-capital-fly-fishing/","","","","","","103529","22892","22892","3.393","","2566","308","8.331","69.764","Normal","15.812","3","1","","2","2","0","3.330","36","23","0","9","9","0","","","","","6df908aa06638eaf3aa3482359a2b2ef","0.079","","","","","en","1.1","","","","","","https://flyfishingguideschool.com/blog/bryson-city-trout-capital-fly-fishing","2026-07-09 22:07:19"
"https://flyfishingguideschool.com/nashville-fly-fishing-guide-school/","text/html; charset=utf-8","200","OK","Indexable","","Fly Fishing Guide School Near Nashville TN","42","382","4 hours from Nashville. Build a guiding career in the Smokies under FFI Master Certified Instructors. Southeast's top fly fishing school since 1987.","148","892","","0","Build the lifestyle business. Lead people to beautiful water.","61","Which brings you here?","22","From casual to capable.","23","","","","https://flyfishingguideschool.com/nashville-fly-fishing-guide-school/","","","","","","108419","18762","18762","2.781","","1281","172","7.448","79.409","Fairly Easy","7.621","3","1","","3","3","0","5.000","20","11","0","10","10","0","","","","","3803603061996675e2ecbe6c8f94cef9","0.324","","","","","en","1.1","","","","","","https://flyfishingguideschool.com/nashville-fly-fishing-guide-school/","2026-07-09 22:07:19"
"https://flyfishingguideschool.com/_next/static/chunks/app/is-fly-fishing-guide-school-worth-it/page-29513312020313d6.js?dpl=dpl_9fYX5NGBYtbBGcdtEGFNdp6JUDeh","application/javascript; charset=utf-8","200","OK","Indexable","","","0","0","","0","0","","0","","0","","0","","0","","","","","","","","","","0","0","0","0.000","","0","","","","","0.000","3","5","","0","0","0","0.000","0","0","0","0","0","0","","","","","","0.128","Thu, 09 Jul 2026 19:08:28 GMT","","","","","1.1","","","","","","https://flyfishingguideschool.com/_next/static/chunks/app/is-fly-fishing-guide-school-worth-it/page-29513312020313d6.js?dpl=dpl_9fYX5NGBYtbBGcdtEGFNdp6JUDeh","2026-07-09 22:07:19"
"https://flyfishingguideschool.com/charlotte-fly-fishing-guide-school/","text/html; charset=utf-8","200","OK","Indexable","","Fly Fishing Guide School Near Charlotte NC","42","384","2.5 hours from Charlotte. The Southeast's most credentialed guide school — casting, rowing, water reading, and guide career skills. Bryson City, NC.","148","907","","0","Leave the boardroom. Enter the river.","37","Which brings you here?","22","From casual to capable.","23","","","","https://flyfishingguideschool.com/charlotte-fly-fishing-guide-school/","","","","","","103680","18746","18746","2.778","","1257","170","7.394","79.329","Fairly Easy","7.903","3","1","","3","3","0","5.000","19","11","0","10","10","0","","","","","88d5bce3cb82d0a8845deb212a8584b5","0.353","","","","","en","1.1","","","","","","https://flyfishingguideschool.com/charlotte-fly-fishing-guide-school/","2026-07-09 22:07:19"
"https://flyfishingguideschool.com/blog/top-fly-fishing-guide-school-atlanta-ga","text/html; charset=utf-8","200","OK","Non-Indexable","Canonicalised","Top Fly Fishing Guide School for Atlanta, GA Anglers | Fly Fishing Guide School","79","695","The Fly Fishing Guide School in Bryson City, NC — 2.5 hours from Atlanta — draws students from metro Atlanta every session. Four FFI Master Certified Casting Instructors, Team USA members, and Hall of Fame inductees teach both career-track guide training and serious recreational skill development.","298","1859","fly fishing guide school Atlanta GA, Bryson City NC, Tuckasegee River, FFI Master Casting Instructor, fly fishing classes Atlanta Georgia, professional guide training Southeast, fly casting instruction Georgia","209","Top Fly Fishing Guide School for Atlanta, GA Anglers","52","Why Atlanta Anglers Make the 2.5-Hour Drive","43","The Faculty","11","","","","https://flyfishingguideschool.com/blog/top-fly-fishing-guide-school-atlanta-ga/","","","","","","117940","22576","22576","3.346","","2195","298","7.366","65.733","Normal","12.526","3","1","","2","2","0","3.330","24","11","0","9","9","0","","","","","acfae3164b6e9521316473c4ea1c32cc","0.161","","","","","en","1.1","","","","","","https://flyfishingguideschool.com/blog/top-fly-fishing-guide-school-atlanta-ga","2026-07-09 22:07:19"
"https://flyfishingguideschool.com/images/smokies-mountain-overlook.webp","image/webp","200","OK","Indexable","","","0","0","","0","0","","0","","0","","0","","0","","","","","","","","","","344064","344064","344064","50.990","","0","","","","","0.000","3","1","","0","0","0","0.000","0","0","0","0","0","0","","","","","","0.246","Fri, 10 Jul 2026 02:07:19 GMT","","","","","1.1","","","","","","https://flyfishingguideschool.com/images/smokies-mountain-overlook.webp","2026-07-09 22:07:19"
"https://flyfishingguideschool.com/_next/static/chunks/817-707a753630f28bd2.js?dpl=dpl_9fYX5NGBYtbBGcdtEGFNdp6JUDeh","application/javascript; charset=utf-8","200","OK","Indexable","","","0","0","","0","0","","0","","0","","0","","0","","","","","","","","","","0","0","0","0.000","","0","","","","","0.000","3","3","","0","0","0","0.000","0","0","0","0","0","0","","","","","","0.113","Thu, 09 Jul 2026 19:08:28 GMT","","","","","1.1","","","","","","https://flyfishingguideschool.com/_next/static/chunks/817-707a753630f28bd2.js?dpl=dpl_9fYX5NGBYtbBGcdtEGFNdp6JUDeh","2026-07-09 22:07:19"
"https://flyfishingguideschool.com/blog/learn-how-to-become-a-fly-fishing-guide-and-instructor","text/html; charset=utf-8","200","OK","Non-Indexable","Canonicalised","Learn How To Become A Fly Fishing Guide and Instructor | Fly Fishing Guide School","81","736","Learn how to become a fly fishing guide and instructor while attending a 4-day course in the Smoky Mountains. Wages for landing a first guide job typically range between $2,400–$3,000 per month.","194","1215","become a fly fishing guide, fly fishing guide school, fly fishing instructor, FFI Master Casting Instructor, Bryson City NC, Smoky Mountains","140","Learn How To Become A Fly Fishing Guide and Instructor","54","Becoming a Fly Fishing Guide and Instructor","43","What It Actually Takes to Become a Guide","40","","","","https://flyfishingguideschool.com/blog/learn-how-to-become-a-fly-fishing-guide-and-instructor/","","","","","","80694","15559","15559","2.306","","1286","166","7.747","63.191","Normal","10.903","3","1","","6","6","0","10.000","25","14","0","9","9","0","","","","","1a04121af4c2e795e481b9b0e2bb3b2e","0.152","","","","","en","1.1","","","","","","https://flyfishingguideschool.com/blog/learn-how-to-become-a-fly-fishing-guide-and-instructor","2026-07-09 22:07:19"
"https://flyfishingguideschool.com/images/mac-brown-casting-clinic-gaylord.webp","image/webp","200","OK","Indexable","","","0","0","","0","0","","0","","0","","0","","0","","","","","","","","","","295726","295726","295726","43.827","","0","","","","","0.000","3","1","","0","0","0","0.000","0","0","0","0","0","0","","","","","","0.297","Fri, 10 Jul 2026 02:07:20 GMT","","","","","1.1","","","","","","https://flyfishingguideschool.com/images/mac-brown-casting-clinic-gaylord.webp","2026-07-09 22:07:19"
"https://flyfishingguideschool.com/_next/static/chunks/app/fly-fishing-guide-certification/page-c9b3ff2db94003a7.js?dpl=dpl_9fYX5NGBYtbBGcdtEGFNdp6JUDeh","application/javascript; charset=utf-8","200","OK","Indexable","","","0","0","","0","0","","0","","0","","0","","0","","","","","","","","","","0","0","0","0.000","","0","","","","","0.000","3","5","","0","0","0","0.000","0","0","0","0","0","0","","","","","","0.148","Thu, 09 Jul 2026 19:08:28 GMT","","","","","1.1","","","","","","https://flyfishingguideschool.com/_next/static/chunks/app/fly-fishing-guide-certification/page-c9b3ff2db94003a7.js?dpl=dpl_9fYX5NGBYtbBGcdtEGFNdp6JUDeh","2026-07-09 22:07:20"
"https://flyfishingguideschool.com/_next/static/chunks/app/charlotte-fly-fishing-guide-school/page-fe24590d4e8eb0a8.js?dpl=dpl_9fYX5NGBYtbBGcdtEGFNdp6JUDeh","application/javascript; charset=utf-8","200","OK","Indexable","","","0","0","","0","0","","0","","0","","0","","0","","","","","","","","","","0","0","0","0.000","","0","","","","","0.000","4","5","","0","0","0","0.000","0","0","0","0","0","0","","","","","","0.197","Fri, 10 Jul 2026 02:07:20 GMT","","","","","1.1","","","","","","https://flyfishingguideschool.com/_next/static/chunks/app/charlotte-fly-fishing-guide-school/page-fe24590d4e8eb0a8.js?dpl=dpl_9fYX5NGBYtbBGcdtEGFNdp6JUDeh","2026-07-09 22:07:20"
"https://flyfishingguideschool.com/_next/static/chunks/app/knoxville-fly-fishing-guide-school/page-fe24590d4e8eb0a8.js?dpl=dpl_9fYX5NGBYtbBGcdtEGFNdp6JUDeh","application/javascript; charset=utf-8","200","OK","Indexable","","","0","0","","0","0","","0","","0","","0","","0","","","","","","","","","","0","0","0","0.000","","0","","","","","0.000","4","5","","0","0","0","0.000","0","0","0","0","0","0","","","","","","0.205","Fri, 10 Jul 2026 02:07:20 GMT","","","","","1.1","","","","","","https://flyfishingguideschool.com/_next/static/chunks/app/knoxville-fly-fishing-guide-school/page-fe24590d4e8eb0a8.js?dpl=dpl_9fYX5NGBYtbBGcdtEGFNdp6JUDeh","2026-07-09 22:07:20"
"https://flyfishingguideschool.com/_next/static/chunks/app/nashville-fly-fishing-guide-school/page-fe24590d4e8eb0a8.js?dpl=dpl_9fYX5NGBYtbBGcdtEGFNdp6JUDeh","application/javascript; charset=utf-8","200","OK","Indexable","","","0","0","","0","0","","0","","0","","0","","0","","","","","","","","","","0","0","0","0.000","","0","","","","","0.000","4","5","","0","0","0","0.000","0","0","0","0","0","0","","","","","","0.249","Fri, 10 Jul 2026 02:07:20 GMT","","","","","1.1","","","","","","https://flyfishingguideschool.com/_next/static/chunks/app/nashville-fly-fishing-guide-school/page-fe24590d4e8eb0a8.js?dpl=dpl_9fYX5NGBYtbBGcdtEGFNdp6JUDeh","2026-07-09 22:07:20"
"https://flyfishingguideschool.com/_next/static/chunks/app/chattanooga-fly-fishing-guide-school/page-fe24590d4e8eb0a8.js?dpl=dpl_9fYX5NGBYtbBGcdtEGFNdp6JUDeh","application/javascript; charset=utf-8","200","OK","Indexable","","","0","0","","0","0","","0","","0","","0","","0","","","","","","","","","","0","0","0","0.000","","0","","","","","0.000","4","5","","0","0","0","0.000","0","0","0","0","0","0","","","","","","0.223","Fri, 10 Jul 2026 02:07:20 GMT","","","","","1.1","","","","","","https://flyfishingguideschool.com/_next/static/chunks/app/chattanooga-fly-fishing-guide-school/page-fe24590d4e8eb0a8.js?dpl=dpl_9fYX5NGBYtbBGcdtEGFNdp6JUDeh","2026-07-09 22:07:20"
"https://flyfishingguideschool.com/_next/static/chunks/app/birmingham-fly-fishing-guide-school/page-fe24590d4e8eb0a8.js?dpl=dpl_9fYX5NGBYtbBGcdtEGFNdp6JUDeh","application/javascript; charset=utf-8","200","OK","Indexable","","","0","0","","0","0","","0","","0","","0","","0","","","","","","","","","","0","0","0","0.000","","0","","","","","0.000","4","5","","0","0","0","0.000","0","0","0","0","0","0","","","","","","0.196","Fri, 10 Jul 2026 02:07:21 GMT","","","","","1.1","","","","","","https://flyfishingguideschool.com/_next/static/chunks/app/birmingham-fly-fishing-guide-school/page-fe24590d4e8eb0a8.js?dpl=dpl_9fYX5NGBYtbBGcdtEGFNdp6JUDeh","2026-07-09 22:07:20"
"https://flyfishingguideschool.com/images/smoky-mountains-elk.webp","image/webp","200","OK","Indexable","","","0","0","","0","0","","0","","0","","0","","0","","","","","","","","","","265074","265074","265074","39.284","","0","","","","","0.000","4","1","","0","0","0","0.000","0","0","0","0","0","0","","","","","","0.288","Fri, 10 Jul 2026 02:07:21 GMT","","","","","1.1","","","","","","https://flyfishingguideschool.com/images/smoky-mountains-elk.webp","2026-07-09 22:07:20"
"https://flyfishingguideschool.com/images/drift-boat-sunset.webp","image/webp","200","OK","Indexable","","","0","0","","0","0","","0","","0","","0","","0","","","","","","","","","","360966","360966","360966","53.495","","0","","","","","0.000","4","1","","0","0","0","0.000","0","0","0","0","0","0","","","","","","0.307","Fri, 10 Jul 2026 02:07:21 GMT","","","","","1.1","","","","","","https://flyfishingguideschool.com/images/drift-boat-sunset.webp","2026-07-09 22:07:20"
"https://flyfishingguideschool.com/_next/static/chunks/app/raleigh-fly-fishing-guide-school/page-fe24590d4e8eb0a8.js?dpl=dpl_9fYX5NGBYtbBGcdtEGFNdp6JUDeh","application/javascript; charset=utf-8","200","OK","Indexable","","","0","0","","0","0","","0","","0","","0","","0","","","","","","","","","","0","0","0","0.000","","0","","","","","0.000","4","5","","0","0","0","0.000","0","0","0","0","0","0","","","","","","0.216","Fri, 10 Jul 2026 02:07:21 GMT","","","","","1.1","","","","","","https://flyfishingguideschool.com/_next/static/chunks/app/raleigh-fly-fishing-guide-school/page-fe24590d4e8eb0a8.js?dpl=dpl_9fYX5NGBYtbBGcdtEGFNdp6JUDeh","2026-07-09 22:07:21"
"https://flyfishingguideschool.com/_next/static/chunks/app/atlanta-fly-fishing-guide-school/page-fe24590d4e8eb0a8.js?dpl=dpl_9fYX5NGBYtbBGcdtEGFNdp6JUDeh","application/javascript; charset=utf-8","200","OK","Indexable","","","0","0","","0","0","","0","","0","","0","","0","","","","","","","","","","0","0","0","0.000","","0","","","","","0.000","4","5","","0","0","0","0.000","0","0","0","0","0","0","","","","","","0.307","Fri, 10 Jul 2026 02:07:21 GMT","","","","","1.1","","","","","","https://flyfishingguideschool.com/_next/static/chunks/app/atlanta-fly-fishing-guide-school/page-fe24590d4e8eb0a8.js?dpl=dpl_9fYX5NGBYtbBGcdtEGFNdp6JUDeh","2026-07-09 22:07:21"
"https://flyfishingguideschool.com/_next/static/chunks/app/bryson-city-fly-fishing-guide-school/page-fe24590d4e8eb0a8.js?dpl=dpl_9fYX5NGBYtbBGcdtEGFNdp6JUDeh","application/javascript; charset=utf-8","200","OK","Indexable","","","0","0","","0","0","","0","","0","","0","","0","","","","","","","","","","0","0","0","0.000","","0","","","","","0.000","4","5","","0","0","0","0.000","0","0","0","0","0","0","","","","","","0.255","Fri, 10 Jul 2026 02:07:21 GMT","","","","","1.1","","","","","","https://flyfishingguideschool.com/_next/static/chunks/app/bryson-city-fly-fishing-guide-school/page-fe24590d4e8eb0a8.js?dpl=dpl_9fYX5NGBYtbBGcdtEGFNdp6JUDeh","2026-07-09 22:07:21"
"https://flyfishingguideschool.com/_next/static/chunks/app/guide-school-locations/page-c66ecd7420aa4705.js?dpl=dpl_9fYX5NGBYtbBGcdtEGFNdp6JUDeh","application/javascript; charset=utf-8","200","OK","Indexable","","","0","0","","0","0","","0","","0","","0","","0","","","","","","","","","","0","0","0","0.000","","0","","","","","0.000","4","5","","0","0","0","0.000","0","0","0","0","0","0","","","","","","0.255","Fri, 10 Jul 2026 02:07:21 GMT","","","","","1.1","","","","","","https://flyfishingguideschool.com/_next/static/chunks/app/guide-school-locations/page-c66ecd7420aa4705.js?dpl=dpl_9fYX5NGBYtbBGcdtEGFNdp6JUDeh","2026-07-09 22:07:21"
"https://flyfishingguideschool.com/images/mountain-river-blue.webp","image/webp","200","OK","Indexable","","","0","0","","0","0","","0","","0","","0","","0","","","","","","","","","","395600","395600","395600","58.628","","0","","","","","0.000","4","1","","0","0","0","0.000","0","0","0","0","0","0","","","","","","0.192","Thu, 09 Jul 2026 19:08:32 GMT","","","","","1.1","","","","","","https://flyfishingguideschool.com/images/mountain-river-blue.webp","2026-07-09 22:07:21"
"https://flyfishingguideschool.com/_next/static/chunks/app/greenville-sc-fly-fishing-guide-school/page-fe24590d4e8eb0a8.js?dpl=dpl_9fYX5NGBYtbBGcdtEGFNdp6JUDeh","application/javascript; charset=utf-8","200","OK","Indexable","","","0","0","","0","0","","0","","0","","0","","0","","","","","","","","","","0","0","0","0.000","","0","","","","","0.000","4","5","","0","0","0","0.000","0","0","0","0","0","0","","","","","","0.165","Thu, 09 Jul 2026 22:17:01 GMT","","","","","1.1","","","","","","https://flyfishingguideschool.com/_next/static/chunks/app/greenville-sc-fly-fishing-guide-school/page-fe24590d4e8eb0a8.js?dpl=dpl_9fYX5NGBYtbBGcdtEGFNdp6JUDeh","2026-07-09 22:07:21"
"https://flyfishingguideschool.com/_next/static/chunks/app/asheville-fly-fishing-guide-school/page-fe24590d4e8eb0a8.js?dpl=dpl_9fYX5NGBYtbBGcdtEGFNdp6JUDeh","application/javascript; charset=utf-8","200","OK","Indexable","","","0","0","","0","0","","0","","0","","0","","0","","","","","","","","","","0","0","0","0.000","","0","","","","","0.000","4","5","","0","0","0","0.000","0","0","0","0","0","0","","","","","","0.285","Fri, 10 Jul 2026 02:07:21 GMT","","","","","1.1","","","","","","https://flyfishingguideschool.com/_next/static/chunks/app/asheville-fly-fishing-guide-school/page-fe24590d4e8eb0a8.js?dpl=dpl_9fYX5NGBYtbBGcdtEGFNdp6JUDeh","2026-07-09 22:07:21"
